time,path_0,path_1,path_2,path_3,path_4,path_5,path_6,path_7,path_8,path_9,path_10,path_11,path_12,path_13,path_14,path_15,path_16,path_17,path_18,path_19,path_20,path_21,path_22,path_23,path_24,path_25,path_26,path_27,path_28,path_29,path_30,path_31,path_32,path_33,path_34,path_35,path_36,path_37,path_38,path_39,path_40,path_41,path_42,path_43,path_44,path_45,path_46,path_47,path_48,path_49
0.0,751.280029296875,751.280029296875,751.280029296875,751.280029296875,751.280029296875,751.280029296875,751.280029296875,751.280029296875,751.280029296875,751.280029296875,751.280029296875,751.280029296875,751.280029296875,751.280029296875,751.280029296875,751.280029296875,751.280029296875,751.280029296875,751.280029296875,751.280029296875,751.280029296875,751.280029296875,751.280029296875,751.280029296875,751.280029296875,751.280029296875,751.280029296875,751.280029296875,751.280029296875,751.280029296875,751.280029296875,751.280029296875,751.280029296875,751.280029296875,751.280029296875,751.280029296875,751.280029296875,751.280029296875,751.280029296875,751.280029296875,751.280029296875,751.280029296875,751.280029296875,751.280029296875,751.280029296875,751.280029296875,751.280029296875,751.280029296875,751.280029296875,751.280029296875
0.001232876712328767,751.6886586083933,752.9369754789747,749.0816253782519,755.2625136471358,750.0817115128193,755.5605687458573,747.4568099118509,755.4696110391493,748.8422832409054,748.9595873772355,755.198162227676,751.7799292349463,746.8976749510351,752.0732884525104,748.7102508980275,755.2641519798559,754.42367689245,749.683493975899,752.080102185181,751.2788744193278,752.6605166281317,754.7156917176806,749.6841230001431,755.2786197031435,756.3299848368681,748.4392394387929,751.9250045909611,756.1970301456795,747.0473160153757,752.607864669854,749.9891414111556,747.3221884909059,752.6111688547423,752.5661715900687,753.5297268380846,748.1092952264285,752.2115618107442,753.2003054118662,752.6696773536601,756.0877687666925,754.0957203773111,757.0783208623686,754.8997689081007,749.0933086647028,748.5498653719137,754.1146982729169,749.8698876080888,749.2771060501832,753.8841764587363,749.5850148838684
0.002465753424657534,751.244391529566,756.2170598249186,747.0544449448245,757.3761535175341,752.0036044083957,757.0636061979079,742.972311983101,757.0508006388604,750.9183073582183,753.3774053064942,756.2015241087956,753.3885703989343,747.8902166824527,746.6723808384913,743.4179053462651,753.3031883870368,753.9875136186569,748.3149840093253,748.9430532987071,750.7237606910162,750.9910759232735,753.641719742469,743.9734902049601,759.9197651133414,753.2554505691735,741.2303428930944,749.7590542443576,758.8511604868272,750.01344050306,754.5903826117283,749.0733440383262,750.5989327887463,757.0073503951606,747.4791302151976,755.3611285806224,751.6340578461064,757.5630105158655,756.8658585497727,763.5316799162061,757.6774091778631,755.1809133050322,756.8559752086456,756.3653915290683,748.211141800064,748.1112454586984,751.1674196721436,750.0770679457137,747.2964926803078,749.7058498554812,754.1651802740533
0.0036986301369863013,753.3578937404988,755.6630344692084,741.7874001852323,759.2325314239853,747.2495527957809,751.4447437938163,742.2092846445505,748.7042209189633,750.8137863827849,755.3033263467637,756.8337570522998,756.4962603996559,752.3332781759884,743.6856000192015,746.4698338576874,749.2922947980504,748.8580323616658,748.8440987010188,754.0625795554919,749.6703758007937,748.1538024314474,748.7363599530563,742.3575186418808,760.4579273802117,751.7466520183011,738.3151285774993,753.3170969847116,762.4360870144968,748.3999331057514,752.9043458119878,744.9881956932584,745.8416906034413,757.5412629284162,751.3952413002131,756.6681503714815,754.087147721662,755.2064454765938,753.372654105659,763.2303736093249,760.5647713408969,754.7852248826724,756.7689707439149,754.525055452505,748.5016641320587,750.4791137809891,750.6533618458873,754.0326237243715,749.1561731991858,751.7951668395452,751.2778780221297
0.004931506849315068,753.6985419785177,752.0904720735036,744.1655405160976,746.7222143296847,754.2442566237024,749.0326335347282,749.6803296569602,747.665502294853,752.1714732156164,749.4941365866177,757.7129262048272,757.2177824906366,751.1210646953754,742.483645473184,747.3540210631519,748.3331310540349,745.3645842064644,751.1698454051162,750.0396439520607,747.5622015721523,742.8948476717943,747.988861202443,749.4540627254262,759.3975372247572,749.1535392774664,736.6492749771568,753.5533640955474,764.5561754660913,751.3562372867731,757.323510620188,742.3384360382207,746.2812043481774,755.4179354981706,749.8638994133678,759.1299520562957,753.5325529232646,751.2137884629977,754.3588314268058,761.3025879072462,754.0659771967886,758.0350440223508,760.5702991927587,750.0180381828749,750.400660066956,753.4924009548588,759.4435480735316,754.9434950136981,750.8050229674967,753.5187683190162,747.6807820150455
0.0061643835616438354,751.916159388384,754.979032299029,746.8036979918761,747.5721513228298,749.7944002115038,753.0994826731717,750.5895045071919,748.131243159476,751.1970747231712,752.9305176062352,753.1626569778315,758.3438809673531,746.9312070217384,742.4579531517843,748.9753289431785,745.6359456655384,741.1893856635637,752.4435370817046,748.3385260560109,748.724299501055,737.413040116883,753.5757264017245,745.3690513104547,757.7879783171833,744.5398810123429,741.4544333203028,751.0206777730281,762.3069116429089,752.2250889729662,756.4111772044389,742.5179720517024,743.3762613575869,759.1148485448348,747.201303797586,762.8777965193906,750.7053530110265,747.0689779522377,754.6106212557096,759.9435366940651,753.228256031682,762.328865803538,760.6045644219787,745.9800330799079,746.279977983105,751.0478059648868,761.6807466348469,759.4455805828586,749.8757756638307,754.3502792548989,742.3185023782308
0.0073972602739726025,753.1066436222268,750.7285452704423,745.2321008037584,747.4811803483268,752.8290996585107,754.0818272551119,753.1071417791287,749.7104993361069,749.0930090565178,749.3694664564073,751.8649758780223,762.9979305794091,741.8997010022756,741.3948386881724,753.772047839621,741.5353055738393,740.150535691286,753.5690205599235,753.0348360573931,748.1968728251951,737.0096024730069,758.9254234906929,745.3761741440372,760.7593357073071,746.5759266159529,743.3083786378851,749.2196577582591,761.198464874724,748.986335452084,756.01808610731,736.2206549374246,744.0676405313718,755.8285950400473,747.3215491699372,767.5630590259977,749.0390429597074,745.4987329063238,751.1221545291503,762.1387038880413,753.2509649746493,759.7555662179236,759.0777751824013,746.949652369669,744.4294542960422,755.0355855937361,766.0970700712892,761.2734344872903,751.8053299459925,753.505436313436,739.4755903380575
0.00863013698630137,757.434621959754,748.3685640694641,745.7608941112932,746.9902709609571,749.1157341724585,754.0417968619112,753.8053511990096,750.2055205429514,748.7868259590322,748.7755666687393,748.6988944172214,764.058381597403,739.6730130586019,741.8848355208997,755.9865051888689,742.9576772907224,744.2192197385157,759.1555816119553,761.32603323624,746.9335716128323,731.9113639595847,757.3392868324988,746.4712942758022,758.4065572677507,743.1166893464649,744.3373427357964,745.2604094580695,764.2346551932153,749.8204333703711,753.0550330791937,736.5311719727317,737.4815933492202,754.8829899648488,748.7984517646793,762.1805648496493,749.9921159406467,747.1352951910964,751.6167802136132,767.8436710887552,749.8816125559557,758.5436838427354,757.8729350702631,743.3760312083175,747.0513787091171,756.8726350590703,765.9255922256614,759.0662443462737,749.095718487936,760.4598063776419,739.0103388650497
0.009863013698630137,760.5915523368028,750.4098744535229,741.5223111961284,744.9124795079524,752.9131391013975,755.5003390066358,756.4005749505247,748.1017807599134,748.7631041819213,750.9736552556166,749.3425322770613,765.886238861484,744.8266542034976,749.0729512240961,757.9269594349711,745.565405214935,745.8706504841646,762.8172293540781,761.0113214353903,747.8147506972782,731.8556066421365,758.3598087679027,750.3977862673756,755.3556231997734,740.8746958506287,742.4261167944983,743.4591092599383,761.9182117019296,747.7201010429916,755.2652252895921,738.491179291949,734.3021928649971,756.91872015172,748.0466258754955,759.6421351153261,750.0543071856215,746.6135294061346,750.7574539195741,764.4057019367642,749.869633962058,758.893970625351,752.1541842559441,741.7522942098129,738.5070476047981,753.8490909617027,760.7616085606269,756.5478406742571,749.2201916856121,760.7202879696225,737.4200092591352
0.011095890410958903,758.231715144965,743.0066407799661,739.9766931649995,745.0868261724099,751.6317010461104,757.8947502045216,751.9345405533492,747.7134315949279,746.4329997265339,749.975816283778,747.5430438260177,769.2244859992855,744.138651015735,750.5983349604381,760.4235329033736,743.7496687426171,746.9789394163002,753.0915154826673,759.6175863546008,741.1929009195998,729.2823141698384,760.4006831191543,759.2227513485309,757.1939060080736,743.9484976750655,740.0394882159214,744.4841018674468,758.1592554512066,748.602765610937,757.7411491490604,742.9616735136518,730.2688465165676,753.8924411913923,750.2159137969265,756.242740689041,749.3463580775448,744.3444173294811,748.1315613023438,763.2129943089832,749.0032557614809,764.4590497898623,751.8883252379524,740.9410393277242,741.6939583342813,753.0643819933667,755.9068448188993,756.86137382138,752.9030543422414,766.9142077586997,744.4250020517541
0.012328767123287671,754.0126089733656,744.2641801256236,744.4715198831119,746.4324814635495,752.1487554087794,755.5275492239492,750.5036512057861,748.6771008103095,747.8287445083683,753.6716134595772,747.3908356551863,774.7672084123008,740.7393211092173,751.6117319959884,756.8610901391048,745.4587169779035,742.7571855968537,751.8813003338489,751.273157243066,747.5965411673724,727.9084605343521,755.4583798090204,757.8904665070376,758.9317804187402,746.7800506370115,742.1221176909744,748.3500630997387,758.0058256003324,747.2644567579098,757.7431585278882,744.4462768970535,733.191829691083,762.7347515751194,744.3990026299895,754.7223663348785,753.218005612606,740.7141841146184,746.9357832739663,762.4692250530655,745.1813323580614,765.7973040710018,751.8149007712609,738.8456830755532,746.066223010868,759.1877343059583,758.6651896559963,753.4522516115514,751.8361139854325,769.0174852982819,741.6557791402694
0.013561643835616439,751.9394585155429,742.3538692768657,744.9092370574357,745.559027817613,752.3181021718431,754.555056862207,751.3602772779398,747.7871429680894,750.2832069860381,756.1940795420444,747.1293528312787,778.9557380094599,738.7475519050354,751.6104926542495,756.7389424254703,744.1825857432412,750.5365204252015,746.6742176658769,756.9436806361629,749.6658274277877,734.7433516853367,753.6809485570554,754.9626416653107,761.0539348122967,744.7328515568789,740.9005381488937,750.0572450942336,751.9567113729232,750.5870215463872,750.5884322873358,748.241565449279,725.9918682036501,762.091301274308,744.0639877220158,755.940502425714,752.0524735443857,739.9403328949415,743.723218843724,761.1671831001187,747.0276449563158,766.5859779122748,755.8520778426841,737.3861424189729,752.3146406114897,760.5147336702103,759.6617928934628,754.9753209184081,751.5778584183471,773.6786593644525,738.4872616034337
0.014794520547945205,752.0689719078708,742.7038598341104,752.5163102895741,744.032798030369,755.9648425565535,755.0225749818388,751.2937425468449,746.5567331145236,750.7982093614341,750.9560534117675,747.0025107744342,780.2426785446489,737.1696474751301,751.0346733384246,752.7241383444783,743.8488058060955,750.4358803610787,744.4053965081329,757.9638929577899,745.0733391464405,734.892342071742,752.329849734848,758.4867617248161,758.2069517252863,740.4499371872511,739.7954486776503,752.7280733479326,749.3640647647532,748.2319024773518,749.775912695292,749.2271231856166,731.5374590639882,755.362813868191,746.8822292447467,750.0153423337492,751.5883279088614,741.9553683103535,745.0206603859415,766.2057904635147,744.8533710077877,773.3719831848755,757.9905082405294,739.3524266860308,744.5333314746858,754.2217457476953,764.537141525656,759.9948965083626,747.1148228487507,772.133107787552,737.9986149766249
0.01602739726027397,744.4039324563025,742.4492165828054,749.9059831469478,748.0641051223877,754.888279413745,753.2095803219163,750.6517942552766,750.6754992868215,756.4752670502468,749.3887233091344,746.8810270216375,780.9491908156286,738.0249018093833,755.1145237855533,749.7409890578887,744.2457670361207,758.455038035688,746.9291034391578,751.6968753693077,745.4435346033802,733.7747070071388,753.6618290403136,759.1909296123334,759.2039856491004,740.1030421595673,746.0601548930267,755.6791658286527,745.6073135746832,747.0147951873082,751.7292511305122,754.1649898703809,729.8795036852059,759.0352983895652,748.4532887466073,752.2200156213512,753.4159985895413,745.5997397313373,746.3577657004041,769.1912778630975,743.5703154268243,772.5559380399459,755.4991613219605,742.9959519883131,743.0228769079429,750.1203535176085,762.9290515862856,759.2875600979752,746.4895345713494,773.9058326022041,741.6988562487294
0.01726027397260274,743.6801385966284,743.1028580065084,751.8166710548531,744.4258706007773,745.0854008571706,752.7599519569532,748.4475164063736,747.5467990190353,754.3652448685475,750.3125171721966,744.7320701558353,776.7466442719157,735.8766832040604,751.819529339509,749.4307692272215,749.1467570874686,755.5572321772482,746.2606855992782,754.5783261696802,741.7406003369164,733.2079423095921,751.9634984636526,765.9182779647085,762.2616360441949,734.9085693886301,742.8355436383915,754.5961035191029,744.247483119613,744.7097138726967,750.3424377305646,754.5816664309123,730.4825399907271,760.239808773447,747.5121976088408,747.2157734033785,754.3072744001975,749.7015167703513,748.8402132549214,773.9946382567695,746.7446214077338,775.8831974529371,758.177919835606,744.5170886709733,740.9009794209737,755.1370869850815,764.1177469572746,758.9093923641716,748.0706901457218,774.1140559491888,740.1384155098606
0.018493150684931507,739.605520270303,745.3697880377257,751.1626612778834,747.801990771073,742.5895402418024,757.0655149920851,747.5894916351208,746.3904993032,756.0886134828362,748.4085636948107,741.277625257969,777.7383592311019,732.9924821663064,751.3967676147765,752.9347522953766,750.8151134469646,753.6636973879243,744.8475530535248,756.6128058600952,739.9747734843598,728.4600426212952,747.3450135166734,768.360210086287,760.6459412172944,731.6400267242121,741.9081081602302,759.431062824561,748.5520358632447,742.1045614945488,750.0157534286791,761.5395643561376,722.3297439387285,760.1095410762399,748.5766403472612,743.9476321359241,757.897236766449,752.0419776019169,749.1639298518209,772.3543756843027,744.6188606645738,773.5692039392385,759.1496264212426,746.6275112205608,745.6420226044567,754.9667239199695,761.7748277229085,765.3376709207972,746.5022006526744,773.4481092681959,740.5698472500363
0.019726027397260273,737.2181980266196,742.8784980536637,753.0285964473975,748.376988484019,743.1831019673782,753.8397899538159,745.0388713265502,739.7392794315658,754.7221639844732,747.6891540442667,739.1058190224825,774.1881775281887,732.3789902141515,747.773890163181,759.7800077041934,747.5130435862216,762.3303508324625,749.1708435455917,755.4260685172973,737.0577368468611,732.7597471967482,748.4050784168732,766.0940811304897,759.7413069056585,730.3851423338816,741.0859383042209,754.9184962357575,756.2256741561946,741.2167092395737,751.7025806073051,763.545631035183,719.7931090965609,761.7529040662396,754.3804509278585,739.9566947201143,756.2492126684384,753.0418350249975,749.8527564367339,768.6270147555538,749.2167844900299,773.8923251233355,764.3938185043836,748.3785754017239,747.8284224207271,755.5367948703536,764.0000943602702,768.3443525538235,751.3068402131291,769.3575343412786,741.0950407259958
0.02095890410958904,735.4469807577306,747.5325340539217,752.9973976200095,745.7248428362561,741.7363578436776,760.2529024632074,737.1313138135737,741.4957306118969,755.4947351207711,750.3188152399466,742.5930732919726,770.6987452989426,733.8843651233648,748.0534958085873,756.1519385278285,749.2050361927751,758.7241660827025,744.2208943164406,753.5660664416125,740.6015772358298,735.492389372855,746.2858043610813,765.4238464109752,758.738160888013,729.8698468309303,738.9570544614882,755.3212984837058,758.1950706171774,741.9087589471129,745.6991834923226,761.6674929509654,722.4449697392523,763.9053060137244,750.6323091197796,738.3449496693651,753.654119436512,750.9699234932121,748.0024306149995,768.4466428994275,750.7658635156041,777.0081561643616,767.432922825992,746.9276512656238,751.2009194254131,751.6724927958388,757.0224203239316,770.2916168477581,753.4641360851119,769.7571679694322,739.5992076421458
0.022191780821917806,734.4166003147316,749.9183459868603,751.1322600292435,744.7663391898908,744.2469111095686,766.5608891428794,733.2584709373151,744.1968988628614,752.7323912804585,751.3585387697203,743.8099411749959,772.9012942038744,736.1972891403899,748.4383626076747,756.7217578349436,748.4686780617753,760.1164951413889,743.9064163516032,755.9845507765287,734.3591707004108,733.764929112202,742.2557674711014,766.8430962970978,763.8217807017753,728.0811215353627,734.3726150127673,753.5679639593617,754.9884292948101,743.7350249262831,748.3051164989694,762.2797103588598,727.2250469819702,763.5579447902164,751.491101275572,739.3822393361809,755.832426895368,751.9918793930881,750.1435812825422,765.9146199817787,748.0135982812235,774.5541701997563,767.0754241646472,747.5303390354675,753.6283061231585,756.7908590665803,757.1402018397152,773.592200892245,753.7192908856376,777.3551800718857,739.3483660851393
0.023424657534246576,735.7414079676789,752.7014459319397,748.2617887508135,741.7491600008841,747.5734223149753,760.7935732259006,734.7882382283968,745.9886175145368,756.42905064914,748.3125932499141,745.7269947572024,772.5516983963564,737.9763917756018,751.4698866929876,756.4782622755461,746.9265089528592,758.9783647790232,745.6983285632003,756.756135071176,733.2073579701474,734.4987776454647,738.2556155698668,768.5276211274904,766.8491199138731,727.6083999394974,738.4900405102943,747.0692152196328,757.4147301863877,743.8949291396337,742.0860849749522,756.450498058966,724.0527261395686,765.889025262414,751.901416068573,732.7085395928532,756.2493497689971,756.9121822712694,748.0755264040165,766.6325579868494,743.2408902166726,772.3057534878596,770.6003232567186,741.9811344355745,748.5824097624065,756.4133521056759,754.1828917937332,774.1978684081232,756.8687323358763,783.5972733321016,735.4350298911597
0.024657534246575342,739.118348847418,756.5635870063638,758.4217170500058,743.9493850422675,747.0800638466307,760.3140780220673,739.8346772687919,749.0008751001792,757.0080441660934,748.8807111606719,750.2634115816505,774.1517071192981,736.4845755136947,755.4347641725232,758.2286171068026,744.1633512335034,756.2583327845462,745.7703292873905,758.3722479276262,727.8972226773814,732.3235527671898,737.5242076526987,764.6930861871263,762.3298461407778,732.0412754968851,733.9056563907479,752.5375312490097,758.8106220482608,742.3990417340294,742.3910468048933,760.4865808898952,727.6649623858136,767.2247889574439,754.2079417633574,737.7549003266336,758.882839051959,757.264840703224,749.9299040842212,770.2095574808249,743.4998185830889,771.8512512323895,769.3284692487429,742.2388169264434,749.9605687651006,754.4106205909695,753.745831171269,779.586483132473,760.9799408881855,783.1557490389395,727.1961754069854
0.025890410958904108,738.6931200905186,759.1836994726785,758.1561997543658,745.082343477706,742.1900990984591,761.454494256149,745.7573310004744,750.4480352134171,760.9839955297334,746.8578492912267,746.3711081840084,772.0106491093154,731.0026266238381,757.6355622883593,760.1676224344136,744.070125858706,763.4794322173482,741.9540984023213,762.4703102370175,727.8246509887036,733.5950170049188,742.2429565477271,758.2360241598552,757.2363725610375,734.0577874315867,730.9723067931587,745.9417797941072,756.7939220332603,737.3143144696675,744.2651425182512,759.5647365194915,728.2186760347654,770.4689094179972,750.4214382758063,734.6196706352999,761.2903742001256,759.7460862548871,748.413069526484,762.8243764432701,741.1004743070797,776.955713279375,766.0797351876232,740.8357756817239,742.7981800455918,754.0048908726255,757.1124314144503,782.8304047963951,765.1677035694119,789.9127877263428,725.6860223425452
0.027123287671232878,743.1425708120872,762.0023456668979,751.4484534297766,743.251212821073,746.7187961855977,758.9010874648434,746.06778181508,751.5730702351788,756.7473290310654,742.8662638997679,748.0411646071153,776.0960047333707,728.4306169969003,763.057820264565,761.3739396304292,743.8659921682662,760.1048752071455,741.8732087510181,766.478140382624,726.8004454437853,729.2640061790864,741.6657001903694,752.89469368584,759.3991167308055,738.5208069152557,731.7902574397821,748.2014898862602,759.7274171874119,740.371243316953,742.6152922545327,763.6905183172419,730.2724551983165,768.8496323530451,755.7240016507868,741.6432019286258,763.6559490451651,759.7469154501173,745.8592444148636,765.3006436116407,737.2521521279863,771.3221890685595,766.8891624966075,744.8753048707321,744.2372615945168,764.0668455670739,758.3970871035779,774.78546539891,761.8477165668946,790.585213502302,728.4052183783242
0.028356164383561644,740.9625661846254,762.2485631073428,749.2988143279292,739.6466379271521,750.279999680564,756.422136743022,749.0002738919261,753.13539116194,755.0978381295542,739.1729735929155,744.5023119066311,776.5798043190186,729.3350206528012,768.4046982503195,758.1320040442943,742.5430490991233,763.1061503636615,744.5077386751709,769.0409275236759,722.3068346539098,730.1160575960079,745.1702372653585,754.935529950896,758.6797403311771,741.4322698574981,727.7877523671405,754.1233837509106,758.104638883233,738.7115833930627,744.1367251624433,771.1464556037639,729.5826126053754,767.5667525302057,758.6217288371262,736.6287516475745,760.3778439964856,761.3251426015942,747.1325110255516,772.5426124477035,733.130884507192,769.3007563257607,768.7638291725928,738.8009970485183,744.8895630017182,764.1689789843421,760.4854124031542,777.3897404583462,759.5127348256334,787.8189235106024,728.1385887808918
0.02958904109589041,742.1027630192035,757.4689174252609,751.5312760572767,740.6224565550588,749.2852659294964,755.6247079835431,751.9926007651411,752.24243722714,752.1296065945725,740.1000781759209,743.4002335430733,780.6430312009359,725.0589611185567,769.4646649801354,759.4429088476545,738.002693536568,766.8172630263791,745.6722310924195,771.0173398952637,726.8919914896254,734.9498376025994,737.8317182466703,754.4191592724458,760.4530535448383,742.1825862443001,727.2817501305847,753.4421026373742,756.1661136343475,740.008638480353,745.7489532615568,771.1744180065775,734.4571857672637,769.7121267964317,766.3974213309772,739.4273597487074,760.0466350481662,758.2208872373394,752.520315818811,768.3771931595338,731.4523765075959,772.6575705984686,772.3025725879248,735.3222237854802,744.291028712801,765.4300844293518,757.8258194725066,778.7934118257892,759.5900946509724,787.6375845378511,724.707004218004
0.030821917808219176,745.0527497907667,757.011436296428,749.8717211381576,743.7430504861491,756.264021327676,758.0800076578674,749.6973140092175,756.1803215753533,750.3632462318773,740.00132438268,744.9793178618495,782.9530285995053,725.8586451679836,770.7228018220802,762.4244260456317,732.4704453603404,763.4021767117051,746.708507302794,766.6840139303296,731.9047061794217,736.387919044701,735.1057659281331,748.3431723669132,761.3355958370578,738.2203814983939,726.4537076732189,753.0522653878936,756.3497726895581,736.5400991316905,743.9982647541036,771.2968189012696,728.9502716347985,772.1112794597018,766.6620704873878,741.2762873740011,758.2362773099461,753.950873801336,755.3540221862979,769.4579107101999,729.9149627696752,765.2189138426982,772.1962008620571,742.7296840560994,745.0657016747111,760.6181769401205,748.9576950590002,773.6349227403291,757.1411515523898,789.4309694028925,723.7203348742514
0.03205479452054794,745.3539192020044,754.4442228865145,754.3685236317691,743.3632554221732,755.0961923389635,756.3682832675604,744.1076402737555,755.013630166582,748.0717784929279,740.0118486907761,750.2848595371995,783.5151718355119,723.9690128804419,764.1742053966894,760.6960041923652,732.8761162771082,757.0459232053519,747.7125082637413,762.9213279516151,730.0822230101711,734.470509081523,731.0392561334343,746.5235994522701,764.719211618684,733.8843069533795,725.6899983307515,746.777066515741,758.6280290258001,741.4586818462001,742.6025265817403,770.7768673707076,731.0074764883352,772.0499809338062,764.6260345715399,740.5092829273743,756.6719658742485,750.6869448374936,753.8540675437819,765.4713516413161,730.4271824435937,771.6101184442599,772.3860801973169,745.1292047760037,747.4067724289812,758.5143842757028,745.2477636463904,777.5380832285555,763.7281573074118,792.1044425444636,727.7333121131486
0.03328767123287671,742.9113104438696,749.726820609145,757.6971522969985,744.7262375319588,751.3187366098217,762.4673067651415,744.2016079546099,750.1618580441971,747.6677067952294,736.2803947645655,747.6988206198248,781.8589159767747,722.1091310475852,765.2447898747508,767.3413865282606,733.4441322856151,751.1279707477416,748.1503557806674,765.6677125799795,731.7544061507223,737.5404568117623,730.1492087183852,740.1782261299963,759.2588858064015,733.8107001552431,725.2356791480422,745.949116629246,757.3917260025985,743.7120301633992,745.2277725080594,772.0362768070886,735.9650900870772,772.3956317726008,758.5947646986237,735.84942829153,757.0755620509791,744.2710745088428,749.2499003286749,762.5282928487959,726.4089347096672,772.1604548810523,774.8479821493123,749.6713262122787,744.8324304660787,752.3244815369953,746.0996741988512,777.3737569557834,757.437702287905,792.8274582573248,724.4940892427625
0.03452054794520548,739.8960059901232,750.5729849351288,757.1818911631343,743.4873591823414,750.7961306903597,763.4337718197495,738.4439958126474,752.965917184567,747.603702853443,735.6773874575687,747.3796426641774,781.9597859697201,725.6694025548724,765.220225277953,766.5408905930452,740.519261001493,748.4816341698908,744.0664756414149,767.8447087268003,731.268156172072,743.8930994593132,732.6217489710265,739.3140749654253,757.4226980220735,732.4849227503621,720.7463469133429,750.7213105924237,758.5695928783383,740.8013154462576,746.226580815313,779.5979852266836,738.4538867613373,775.6636760542466,757.0127985708444,734.3270561657451,762.1369172461795,747.0861456377505,744.3024646815898,762.9042536160204,724.712091556874,778.99759178391,774.5932842623827,747.0659322462262,746.0016523113409,755.4991170585475,742.2624380324586,775.483117577356,758.1070739755925,792.951191493114,724.6054144879433
0.03575342465753425,738.3995652417204,748.6896246233752,755.6022928301165,743.7013241586078,754.3594464734879,763.0817466654398,737.3976353548917,759.1177285780672,747.4615973295171,732.3192105418976,751.1859498274954,784.8074818887505,726.3614039249036,759.5463910473455,764.3976740489243,739.9299355188726,749.2083568822454,743.0475619341164,769.5906914120467,732.0451111693415,746.2831961611006,730.8544720282949,736.4960848017279,758.2526524069793,729.4707770274543,718.9981071449835,748.9906411838837,752.4781276957741,741.9300133222698,748.1944346177946,784.0093537319948,737.5155414696162,772.7785262875079,752.7888924943833,738.5003301080728,769.1683811517399,754.9588986169005,745.2141355436254,769.0488178780241,722.7211413265717,775.7465933712635,780.095995565984,742.29315269749,750.7914634492029,753.2375923013362,743.46853896538,768.4573765657736,753.2132271747578,795.1548634875546,724.818043008083
0.036986301369863014,739.1084643234555,745.2962062879586,752.2603340712136,742.7411677633792,751.245663677698,767.9579392115912,739.3670323130809,755.9087762054876,745.6287952777085,729.3319089929533,746.2685757142705,787.2137161986886,730.74877548347,758.0980999651669,765.3881652172489,743.2570992265298,750.308171666374,744.4508779940919,772.4352881446852,736.9917742457659,746.5954508324032,726.8546664448193,734.6822733528029,759.0283030368962,730.7804675797872,723.0680417383605,745.7777233509845,753.4395754546416,746.3210063039077,749.5414750026221,784.8354103612213,739.1904869072305,768.7197013385537,746.1466362264805,741.2881215710362,766.3799671842852,754.2583474192805,745.7443755736085,774.5075163740404,720.3186299838437,778.5704151980381,775.0028124559814,743.8639715899693,752.0931876967949,751.750957355815,737.4583402570461,768.4049754251365,749.6332229746512,795.632634182368,727.6015207767332
0.03821917808219178,735.8238531418965,741.8750715927298,749.9387865269904,743.6959465977345,757.7186281223672,770.070524462724,734.7525478772407,755.5633610512938,746.2369824178606,728.7949107828675,747.4518221765634,783.0740337228442,727.7266862262879,761.2924556254962,764.5133903495959,747.1705607125242,749.6767893675594,734.3071771310782,770.5464071308253,736.1136442930417,743.9564542681999,729.8862574049161,734.4024056191131,755.8596933454699,734.7216181559578,726.7751879649619,738.2069613886472,751.8471839465369,745.7337671551932,747.6581378738874,788.500003208108,740.0344010399326,771.4279684427265,743.2999589491621,744.0931945454954,766.2350252977074,751.6196416409967,739.4284140090103,774.8881607542235,724.4515074490754,776.3343411469262,770.6876814245156,744.3816657566235,752.8500157711157,752.1649993517569,736.9423250977484,768.4360166913174,753.9103684049057,792.117081413679,725.4693839322767
0.03945205479452055,735.1395188819746,742.7449515806351,745.0842322499436,738.7626769704661,754.7269369459136,771.3158667938122,734.8498888725461,753.2797798035105,749.1115466735771,724.3633526065202,746.4309801646557,786.6099422897248,731.3508200564199,757.145124617529,759.9188874532277,746.96250432772,749.3220985850969,736.7515815426091,772.4574514777462,741.9365741893535,745.377240223853,727.4346700783898,734.9859214704949,754.1004495685742,734.4943287491204,724.9125180626592,742.3894382686819,750.1112750902781,740.162692891953,744.1804021004684,781.3817161320702,739.1308775746844,772.7537924125967,742.4372915298982,748.9899965890211,763.5174910348919,752.7902273370491,738.9041852797194,778.3909622111155,725.3109823544253,777.3011069423759,769.7451523856062,746.1600886268158,752.7946366084781,753.3683693126695,741.26931526315,770.5549876129672,753.5189141219997,791.6830845214988,729.1435772907471
0.04068493150684931,734.61732888066,743.9113432199558,749.0376231040044,740.853351465407,757.8970734685801,770.1849190368499,738.8648241933774,752.0115902353855,746.1349552771643,726.4934671770362,743.5323962283582,785.8620049571222,734.2761991916741,761.45927618733,759.8240343897177,747.2078333712905,752.5345395681952,737.8395485360493,769.0948387723878,740.9887685963025,751.7038135653507,728.3008936963244,735.1715054381657,752.1509794382646,734.7647832037233,728.3756314492367,743.7291448739352,741.8103459998152,741.6453568822312,740.8348824738383,781.8004951589453,742.6120057896594,770.3748284614844,741.8848113792687,750.5890859270859,760.8937677227138,758.0854041787743,742.4083072444366,768.9649943316158,732.1901253481655,774.7664403638712,773.5011681345424,751.2501742822832,748.4989929456282,760.2319480165144,742.90426917975,771.3988536218548,753.9142302942424,791.724460961547,727.6033386410161
0.04191780821917808,736.3612152434719,748.2472685612269,754.293555580044,740.0967141229634,759.7083179425792,776.351923389248,740.0343756638333,752.1568989969253,746.1306450868375,734.4829631812887,744.0052585354556,788.6796577560493,724.652242454979,763.0450104876952,765.1725006152893,745.7881324090232,755.0760977743474,734.3195243795429,769.2986009060525,740.67650545244,745.0524345735296,726.1650580641723,739.356308412261,752.2916332913331,732.9907297107367,725.3614018291111,742.7338489493125,737.0860823085029,747.6938383033324,736.4838950097426,772.1158259610885,747.0072140273398,769.4161364290533,750.3671195478599,750.3774448635686,759.9815460394012,758.3800688460904,742.3174970339013,767.766290043361,734.7391366456488,772.5954183675692,773.1809700153923,754.0733136095728,753.2132463401042,760.3099477899459,740.1241439558721,771.329863580495,755.4805015641635,790.1812469509882,729.8200152248285
0.043150684931506846,737.050196092589,748.1941903409229,750.1270158960873,741.2587385819683,759.1859463960343,779.1236731670087,741.730638066054,748.0493452738958,745.8801807580787,735.960761224947,745.9489869110129,786.2542939915659,724.3637095000392,762.2708907793128,771.939785199452,751.6313153504134,756.3287105556648,731.9038917501186,772.4446061381997,746.8548489127592,748.2572494238298,727.8128857724894,747.2048226343982,754.6078279335558,730.7673325856174,721.0123925875317,746.1437724905404,731.4371421253921,742.4481683283839,729.9931078387391,775.9390770695063,742.539116295645,766.8574018537578,755.5279031891272,753.2590179831194,754.568250535057,762.6718258109314,742.2045681200239,766.9113469187265,735.9327343493544,766.7710052516499,768.5763988835375,748.9471113939628,751.8399229457594,763.8525552624567,742.3327062864305,768.7383570802898,753.9076474196324,791.7632505803426,733.1546136194128
0.04438356164383561,738.1969239582432,751.6260588969276,746.2280225222748,740.1419864346826,762.7981440793317,778.4188200291609,744.6898654734316,747.1283976018498,747.4122681777984,732.5827948779068,742.9528321800792,788.4573801759389,729.2908687698271,761.7860896812031,770.0079219885366,746.6498121077781,754.2701334671666,731.2403731569199,770.1390816977585,747.7529503579461,748.7369432367069,726.5780915993183,750.0050282022892,753.6860555072617,737.1366200193311,714.6313790139048,744.3956000346831,733.3820222362264,745.797825672252,728.0925565367805,768.5592219520842,748.6313071128183,765.1045077214645,756.172993498027,755.5675524220575,755.7560666166066,762.6324585230448,738.4166051466758,768.8427752975873,740.0053890669678,757.2554871111862,771.200723984984,747.259797148655,751.9658314826773,761.4551186638723,741.8905451578182,767.6885491671395,755.8750059829498,792.2933016820739,738.6613449268115
0.045616438356164385,736.0682535684726,756.2725844916296,740.4341634043759,741.1792874515027,757.7714289142696,773.0257460135099,750.3850518900481,742.3154825964889,747.1949618976682,731.7017213994053,744.1893808821001,785.6898728877511,731.7858292147533,764.5667686352615,773.074977005745,746.5122870009154,756.8489354200173,732.5652698966176,776.7805918406792,741.0873952211081,753.7341053642249,729.1186532960345,749.3719686150727,753.1711501741034,733.0639704291998,711.1318573079992,743.2947072039185,730.4047323965041,745.0265521549936,725.2041494432846,770.406763415332,748.7945797604788,769.5781198048473,758.5679503071539,760.1563012367807,752.0068924285692,763.4068410534927,740.6544115655237,766.1875154485942,743.8239749174194,757.0616296844279,767.3856041290829,740.0297467284033,750.9718359803487,758.1302471842981,739.8481938372089,769.5886775145935,757.8935486550931,790.0780746103394,744.3814191349392
0.04684931506849315,735.6412856405396,760.1038684720284,737.2921719595994,737.6810517373672,762.3059586540458,774.2883581228153,750.8781118843289,740.4538911851432,747.1362024314127,726.7019225975205,744.750315204977,786.1297677281748,730.3585297898915,759.757134162889,773.5186115146189,751.0672179829619,757.4455505133399,731.3530620176234,780.6604894317304,741.8139206886435,753.3024562876836,731.1074128431,751.849277977424,746.2528283008634,732.5368067298523,712.5659796359436,750.2696236808357,731.2769431129525,744.7204106280966,725.4025195066527,767.3436758325472,748.2247931635644,769.7529816546994,757.302909293669,761.7489833200447,751.420885024693,758.3208456053359,738.3467682775436,763.200705989006,738.5309863241,764.9701945301043,771.7245813325195,741.806604955257,749.7899963822728,755.7514070922756,743.5134226770144,763.9088448788657,757.919871840299,794.5826665329564,741.1600742365853
0.04808219178082192,738.1772012140954,752.2235732706965,727.2721762868301,741.5454072849379,762.0849076776689,770.392440128104,754.9456675506797,736.5909530755226,743.8765643526134,725.4879530701634,740.6831932577139,785.0915171667506,729.6034322361253,766.6055202094609,774.4783314635766,750.70402610417,754.9489068979925,735.1125856281624,785.3822377138129,737.6328141668482,746.1544732151948,738.2839418268227,749.4389323600611,742.7681128211697,731.0893157802318,711.5386903576573,747.3082003792754,733.3939487114592,745.3419964673014,724.666922077406,776.0291473552277,751.2750394658855,765.9976326804339,755.9176311346728,763.7944852102794,748.7772106439025,759.4816277801805,736.488362472727,760.0989954302205,735.9147899480137,763.9773824217808,774.7962700286902,740.2817868572471,747.8386080113265,755.5544310566369,744.7503857644916,762.2027104225369,756.7131995645685,793.259510791271,745.8536101431391
0.049315068493150684,743.0387114651085,756.2956970078395,723.61747956324,735.9983549638769,760.2600496869811,764.5878610033504,754.7251389859466,733.157947329508,743.9404286626225,727.1028371372597,745.7580864913417,784.0976330140162,725.4234624319492,763.8581297864832,778.8035478170996,748.8124654768604,753.0268996150512,736.4434954055644,784.6449712833014,732.2469840136832,752.7167972936836,738.0162829579971,746.7122468869961,748.8441136923313,730.7286708163106,716.7552615776809,748.256630906374,731.6249737849711,745.3751943752055,725.8511790592348,771.7139512638987,748.7349052974912,767.7704083392692,757.5709315487729,767.1983970178189,751.0128633871954,756.3702665549508,740.2063895981405,761.999492520331,735.176735217707,762.335562102482,779.9399195739167,736.1451539562422,745.5165892900824,756.4112451049252,738.3463609945967,762.1927111595033,757.4218347974715,794.1360754489875,740.8527256769429
0.05054794520547945,738.9248187559884,757.419845051185,727.7532926198372,732.6320333047282,762.7639730444599,763.6415172899915,752.9055304757704,727.6212154693977,740.9204283169971,728.9846264883297,749.3372999062436,782.13690728243,726.0754681516038,761.2818771768633,781.7225406555984,749.5732232681964,757.1032522720951,733.8909288434893,779.8547242259145,729.207817525152,748.8778510181079,734.8474254924831,743.8467879686489,743.2059432219471,734.0949478612365,719.4016812634608,748.9859666455836,728.3164213118318,748.2041895599676,729.4502037599467,770.590276068472,750.2722713858212,769.55578898416,757.1923501879708,767.1918683052618,753.6558077389343,752.8836468924587,736.9051887636169,763.2501899622276,736.0939588929238,763.9725335292541,784.2494522909471,737.3038305058631,748.5752167601867,759.9333552733484,736.258723861809,762.0588972136572,760.6172484344241,793.7477575207051,739.112360280636
0.051780821917808216,743.8583504534236,758.8267006451098,726.639734923896,733.3853382076503,766.3235877123597,764.5808527786754,753.9423324940741,731.5301140778653,742.5970900029681,725.6743289284603,746.4989571589315,781.6007583956821,720.3598768247101,765.3763688756486,782.2461682780374,751.3067821904941,763.2709888333231,732.3632525180661,777.452729205198,730.2481783940998,751.513463771743,731.094033616472,744.797471308025,747.6757583651123,737.3060920971251,718.2738936773414,749.3000383386205,732.2005477580306,744.3712726835239,726.3002243406091,776.3455829668752,749.1842922520971,769.3458562087025,762.5405124544527,763.5314375741981,755.6567231324933,747.7022196838669,736.2414002820917,762.0126628639148,736.9990423552761,761.7150834922247,788.0320651768748,733.7177289794898,753.0819600683343,763.0177686988346,741.2685478207819,764.3366525357378,760.0921652532087,791.1804858128895,739.9672892273553
0.05301369863013698,748.2710972621846,760.0603524839655,729.37128259519,738.1158968316993,768.917275274766,768.9019349101995,751.927169318329,733.1640796796187,742.2525697891884,726.6234921842969,744.5665552077409,775.6274317344295,717.1406269531799,768.0353322084386,779.0471425676367,753.1784636438744,761.4858882190159,733.0901857417415,779.3354237148255,726.6710001901703,751.0842922886632,729.1672086662717,748.8617710770717,746.6887480897192,736.8443537892207,717.5613275328561,749.3134719487115,733.0381881360261,744.0821952744176,725.4935841844027,777.8557317211324,749.0618297260698,769.1103385173944,765.0625793337985,763.4065310924013,755.4491554058473,749.6747682767019,736.2015233550435,765.1538496061673,732.0018528581953,759.9847250167327,790.5107044000591,736.9742514035564,753.8777064980651,761.1233576858198,740.8854077373825,770.4780654981138,759.8199278668105,793.1273868056678,735.6623219172499
0.054246575342465755,750.8417454060027,761.3346487377286,727.7960278363058,739.0129530115324,775.707338010943,769.8510645707834,750.0252906609833,726.9948251516868,742.3756189189697,730.3246414203795,747.0898428649926,778.6185835703022,720.6753148590906,772.5218434017061,775.194702289253,754.1055004610275,754.5446946949191,735.4372855583672,778.3713353973175,722.1955514942324,750.9461482461194,730.3657812169395,756.2221176515645,740.2566366153234,740.4902768099912,716.8727208638458,745.0087361713602,729.0643261418118,741.016927345098,724.271687166344,778.558464504156,750.3330940497663,770.8168416369172,761.5780877697,763.7334122443881,750.1084569526221,757.2470735207038,737.443706919417,764.6717850423005,733.212206952047,755.7673088200457,789.4264384199396,739.2970858378867,750.0466898264132,762.1110725494084,747.3633769929511,769.4002409293649,755.3871453044707,793.9853928949489,735.8546578711596
0.05547945205479452,751.7090308692328,762.3984730090561,733.4514545124031,738.1997804336644,779.3988067628106,772.57987283325,748.0142494919496,725.0803661245254,739.4618745172008,735.9816530585281,745.4550567449731,781.914076638943,720.6030970752257,776.0794472242067,774.9687742139027,756.5922080005373,756.4911082445677,737.6348634434289,780.8393186607411,720.9823018734896,751.3939338083538,728.0673863156428,760.6358708685269,745.0146024509279,737.9887306488286,720.0254652454707,744.5507316836969,730.6006588665308,739.3457544102855,721.4849612497005,777.7636768086777,750.3956607468821,773.430571266931,756.5913206127165,767.5264716226418,746.6101917689558,754.8408187535446,742.4455223012892,762.5553327011144,734.6508694211232,752.6768827300199,789.0675292380814,746.597948135496,749.820952892443,765.7403664903991,749.8393745186557,768.6075587659204,758.3045025674049,796.5520744462654,737.4408866490216
0.05671232876712329,750.663722380866,761.1875369121152,734.0878149772896,733.5763684576175,783.8071714577438,768.4146552214363,740.4870332436225,722.9366589800371,742.0755767108799,733.7076677859127,739.4353906917902,780.3840150713238,719.4442539720502,777.3588331527025,776.0659943468972,759.741012421834,753.4819196921742,737.3109020749074,781.3490594945287,722.2605567309856,749.5833556259864,732.9446996398792,762.968094091104,749.230340685456,739.1379091263947,718.8018495330235,743.7492672366978,728.4618575938523,749.0763781037609,717.6990613478873,778.0798527085025,749.3051010978292,773.0941980930314,757.1141107684197,769.7290760355452,748.0579243608421,753.9382230023274,742.3783935895647,760.2213314722687,731.7414762977222,756.2486893275486,789.1088867553731,744.1210436317946,757.178790121477,761.2452034563802,752.9697654156035,767.2815217440698,756.2168915440154,803.2941226599052,740.2589010731435
0.057945205479452054,755.489697017693,754.8350696853346,732.8473584525158,732.9518707779579,781.9391486491348,768.3310004543844,740.8238161529758,720.7342310215666,744.3332850790733,730.9147780466617,742.8501115577162,775.6511746282546,719.101953340611,772.9959929855239,777.7792802455191,756.040942239319,755.9080293672647,737.7891097133204,779.3157309045592,720.0429644645086,750.1919901121707,733.5841730894077,760.652474217169,747.5652055017446,744.9432616156505,718.7490014145382,741.5553078769657,729.9470401327079,746.2849258653468,717.8805753076351,775.5093266697495,753.2834878123916,771.1698210868773,761.1312700771374,768.0279713825853,746.0447234345983,752.7351270265694,744.0793796235967,753.238571540871,727.9807078954989,753.4112582311485,789.7887556731783,747.2469370616682,758.2132577880672,758.9838457183255,747.4630728852503,760.1172248615729,759.3085637835072,803.5565928455842,739.684212598531
0.05917808219178082,762.0295296232147,754.4659553639192,741.120516779512,732.8806424134442,782.2983117717164,768.7437640992592,736.706718126924,716.1515021273507,747.1541690299036,731.0827941799322,742.8716296839887,773.438738967492,727.8267130411266,771.3812852859623,780.4535626611372,754.7737237244627,754.6507818228798,737.7004471805008,782.5195421358,715.9070919213324,751.201425445881,730.4289198091298,760.9017877632125,750.4173414354171,743.0444638744948,716.4189816159997,738.8322535292627,732.5994007446893,747.7536582924437,718.7069538444821,774.9367745033866,755.1808376231289,770.3916407591075,757.6291922197904,768.8027529297474,744.9846259387796,754.1908955671886,743.7699007151047,753.7760688492717,729.8035701970557,754.0750415690317,787.9142389393884,745.7577382908239,757.5524318653124,754.7431268711784,745.8868612366601,764.1627889010648,761.063235059374,802.8482223455417,743.7405480232788
0.060410958904109587,768.0894727460543,751.7941301248071,740.0555665711469,738.3477148645696,784.2318021547895,771.6596125288893,736.3518025277525,718.5266372870109,754.5085271908907,721.7132362911201,749.126677449292,776.6641967656781,731.1437501658204,772.0479084830965,783.818574932589,757.6614139590846,762.086352075323,740.3673406165581,787.1819737633247,709.085949135016,753.8494644495916,728.9348528533001,762.7168452131574,749.2353912756421,743.7084603219472,720.5194840411974,735.5744357727862,729.9625747296566,748.7553546578106,717.8233164678319,774.7802585949532,756.8350320283741,773.7167021511535,754.5286723268819,767.7869946523354,746.6651168061919,757.4556192728147,738.3020036508949,756.0767159344811,728.3757029700416,752.8421881332765,785.3767877888877,741.8090159953287,754.8184951908239,756.7610887320678,750.8487336288978,765.2923282735908,765.3349758523779,792.7908646486692,743.8926983508122
0.06164383561643835,772.5413138009964,755.3699288039381,736.0807944360929,740.3653004884018,784.1629591856891,772.0464641712205,741.059500333926,717.2687091264676,754.3268082244964,720.0211855576503,750.2991115864822,778.7981252986684,728.6446092324674,771.9820369109259,775.5634549550389,759.2854307040219,762.4555962900379,737.1529755803123,784.6414907814109,706.6604591022241,754.2571382666933,726.8823178128298,762.2991177310915,749.3961073507799,748.6233654423527,719.4061085585615,732.9511374058626,731.5369461753419,742.4467779221026,719.5954705086866,777.269476103323,759.7816194749909,776.349022409329,762.5436752584576,766.1123162030809,753.6347391166615,757.3258995179908,741.9187001315629,757.7291473072793,731.0986044741874,749.9600139478913,790.2935381998619,747.8944970447435,756.5748362387985,756.677750415749,755.3935236111523,767.6756752760283,766.7737611222126,794.662717570657,746.6339298342978
0.06287671232876713,773.7500980946031,754.4030640850738,736.7281663470357,735.3915796089146,785.1972288837414,774.7764359211807,739.3547469514175,718.7413758063822,758.3259236298678,719.1558863714052,750.9228997624251,777.7616020172532,734.0031191320907,765.0303132788816,778.6463514547073,760.0625746786296,765.4844016988767,739.1045588824591,786.4039480297423,709.2848179001867,755.3086723196037,727.445888471867,768.5683167225128,749.9375261319211,745.8450127417192,717.3538282890847,734.2651093454473,721.8966253946351,738.699767472378,720.5768499582869,777.5399442637103,752.8186996690845,774.9051926807996,762.6372514109405,768.8557085258382,751.1585385144778,755.9856907230751,744.3073492141413,766.6502176474486,734.3573130781558,750.978628544454,786.2228939743247,744.4011161730235,755.7710687111469,753.7768840707421,756.038943499254,767.8013077274262,763.7959506478638,792.3648108948616,749.95644337036
0.06410958904109589,769.6380738639065,754.6730086902876,736.5950986541792,741.9746659226206,786.663759198343,773.0512892955633,737.5857011146844,720.4028925648838,757.9053473380283,717.6962867097865,760.4775146279043,780.8320440802179,733.7091698613497,768.5480864723268,775.0569584903074,762.308445790675,761.3937312297679,733.0952400963497,786.9385877629142,712.4135500138261,759.7301800433064,724.1628808176866,765.7918753352917,749.1680558458942,746.0490025502818,712.5627757489445,734.375836223498,723.6303260253519,732.8104775048346,723.7858915846795,780.4357843397465,755.8305975780536,784.6497818509075,761.518296312717,765.3213076166398,752.5797343997757,750.0208061147082,748.246586807876,765.4564439910075,735.567208397131,753.7088238834101,789.9614874132401,749.8223521959196,760.047694264291,755.4632564671646,753.8262433167008,770.7021851935784,771.7277965440504,789.7762873498727,756.0820610874582
0.06534246575342466,769.6155276712514,751.8486118176919,740.0535219976852,740.6784712552246,789.5850058201482,774.2628295474792,742.0201389537588,724.7708285544,759.2138947120632,712.7029745880112,759.8950368281006,777.2529907536334,736.0950039510902,774.4195277742772,778.8596371742349,765.5027832379639,751.9957683984711,734.5450565261145,787.9045290811061,714.8877593154996,756.712240808409,728.2538808617526,763.3809466382921,750.8920328992109,745.0086868451293,715.593054943885,739.7398528647876,717.4067744792064,732.3104026801666,723.9167270486414,775.3367101851954,763.5378373131896,793.3640326299386,769.8983866237367,768.9062996738386,750.6831189554699,752.1054034852378,744.7821989246454,761.1155297978282,730.931165920776,749.6564995088665,797.0657099227905,748.6429566164562,763.6847869960263,754.2723221568688,750.8458414576895,769.9194293987373,775.9653292844828,787.8047511784382,755.7371343658461
0.06657534246575342,771.8352503630235,750.1533067646059,737.0501133510878,737.8094853360304,789.2242794547707,775.670563988155,743.7994757410751,718.9968239271177,760.4284600511098,711.9261396579967,756.710562835906,775.152239021116,734.1895352683229,779.4190680445606,780.0071068697362,762.6095187622813,752.4365859197026,735.3668354017332,787.5359087176607,714.3294342001819,756.9385904452558,727.1055117506986,764.6516811153855,752.1608635356921,741.347535169788,713.7247229281128,741.6998852602078,725.4198187854759,728.0777354581554,724.3980354639924,780.1587280729955,760.0621318430344,789.6901833424222,768.896123977142,767.7390720421665,746.9636521635381,752.3605375039178,745.2404077786205,767.1211539457738,728.0636969519929,750.8013696291582,793.498653847171,751.0271031960713,765.4076942431611,757.5490236643786,749.9392622904121,772.3198891840726,776.0294075730252,789.3885114986698,757.6098542738075
0.06780821917808219,767.4629467559587,750.1079571145722,739.658414477902,742.607742422385,788.0023487301517,771.4075467798718,746.9963943569225,724.5135009044367,761.3072751854659,709.4896661149427,757.4670588996622,776.7658320920243,731.1577125843212,775.9271662501623,782.1675695728597,758.4945095707575,753.2974484077323,735.3584998317916,783.1976629746231,714.7293583642838,758.5266407554269,726.3394237851282,771.4288528620973,750.4243469852856,742.6607535826873,713.4967028931176,739.7524626524786,726.5445810453318,725.2007556279971,727.973721496212,781.7248731804323,768.5262846688892,793.2708191699572,765.0771918581687,769.1935315711609,745.8235647313501,746.3901292915593,751.4963808714068,772.4198133559531,722.2160072920107,753.3969720817493,798.3638483899722,749.6095913822384,765.6539314893964,756.8904880370601,749.5792835498811,770.2341961680559,773.7695220559096,788.4483059223228,757.28528692994
0.06904109589041096,768.7914974044587,745.2121811196068,742.432901809618,742.4379215223405,785.1267921635737,771.9963663888732,745.8218130400671,728.5643106734577,763.5090217754466,711.8524125603037,761.2561026381143,776.4304280860437,733.7361040874799,777.4101305095386,780.2998072605747,754.645035441111,755.6823854233405,728.4805481026418,788.0645437698525,718.7219467095098,761.9844246196338,729.2899229647716,765.2903144583067,751.3954554797559,739.8991509122299,712.2018611438339,737.9918649096613,724.5779773824071,720.3097695474063,726.5848980241113,787.3794383768529,762.4869244830178,789.7918979637519,765.3517899807188,767.8333195694539,744.9863588688933,742.5354894023276,758.8177065737902,769.7504663721579,720.5914392954274,752.3747665435324,797.9555567260483,747.0554788035288,767.4643915177753,757.9860400640634,746.3432293768282,774.3799155340432,770.1892746706969,787.5684662559239,756.6814854338207
0.07027397260273972,770.2401309735621,746.1919559672307,740.2468567776195,741.2309897009986,782.0433883264983,770.9009938264586,748.2745909041589,730.3974135018179,762.4808218422406,708.9733133158126,757.354477820064,774.4116994715915,731.2498442036526,770.1595794953934,781.2636924868644,760.8372619926198,753.83510801763,733.5148119174852,784.4450494711499,715.97198944956,761.7638085253067,726.884046468098,762.4381490168475,749.6682871908995,745.3043538758143,711.6104648467813,737.4230245232015,728.1945690986522,722.4404529468707,728.0571385037268,789.2184578409561,760.1422062665596,789.9378021823736,761.1494049832733,765.5906212892653,743.5508409737143,739.311917637046,759.0621546477656,769.5432115804075,717.7674311017508,752.1033386069655,803.1142116561717,744.0934560990249,768.5240385799262,753.3593193520251,743.1442643142841,770.470402479387,775.4855297743044,786.4997469870867,753.8860997342146
0.0715068493150685,772.5962090275302,745.8364001797074,740.7717998718562,741.9380049325641,786.0823374213577,764.4592098604134,746.0106529263129,738.0941736314501,762.6108292515772,708.0858503562899,754.3252448680423,765.8879136491737,728.7321305364409,775.9028615567998,774.8610824076111,757.3066803484942,749.5532994519033,736.4142604499674,781.436920098803,717.1133945704323,762.0896350906388,726.8726168815633,766.7654209903374,750.1027463746746,745.3649198134005,705.420447413416,736.2805767997252,725.6773859485752,724.3340250645666,731.2469648074679,788.8582333416084,762.394409852256,795.3515743319429,755.8497172401952,763.4631584264644,745.2098287368957,737.8549123999621,760.0447600858811,767.8781626491391,722.7175176275312,752.1124434757473,801.1236520007213,742.720533376854,767.7261942697751,754.8562131746711,744.9933835612738,772.8633403309883,774.713717479777,786.3979930018168,757.1996344550356
0.07273972602739726,768.5721877425196,741.9465241878984,738.0606804535254,744.6952780312334,785.782313201388,767.6836898144651,743.7868508895866,738.7532950235675,764.4025408983472,707.3532893975088,755.8128688527361,768.1467286663512,731.6108162933608,769.2980769114529,778.5982887388042,756.5177385028851,744.2838843533289,736.4896234590179,783.6900330880045,711.2249756798446,760.9259686973221,732.6225962079468,764.4698258025425,748.456687198161,744.6685194935869,702.9815738282668,736.2854159624544,726.0511393899478,729.081661200963,734.1511841545351,789.3409354517687,760.3836992670905,798.0583995811869,759.061112758519,766.3013361311899,744.2531007098963,734.9382718091539,756.832440049688,769.7020000883138,724.7651579789728,752.7794470130632,805.6981630032298,743.5182801790004,772.2260747887611,753.5919248643526,749.1543163614053,773.7756890611724,775.872300653934,785.2922702877894,754.0428945766689
0.07397260273972603,766.3293652950294,734.1480509561569,745.7141554242459,747.951387205929,788.5013805340619,766.4544217656712,745.7343365504203,741.4223268924317,770.2989743160667,709.1158730198208,745.2425603687391,769.2346573200649,727.8709066016656,770.6820013721118,777.4576953874621,755.8930037193567,746.0910972791161,737.9710823956415,784.3031981299125,713.3573704918531,765.0841748690942,733.9425932553619,771.4229424098942,748.7700380422625,744.7952915047706,699.6295973232375,742.5966962874771,725.134123006351,728.5103811304303,736.8372059475864,785.3354817393172,757.4029873692981,793.8680321965807,757.1951054381411,760.5887057848098,737.5201223738127,737.451192194352,756.1395034016539,768.5540259679826,723.9654756283696,749.0438222048941,803.2573278011675,748.1119589124171,771.9035375540763,747.9935218529649,750.5160401623781,776.613433683419,778.8102176374243,782.8067579458232,750.0079177614826
0.07520547945205479,764.8511406848114,735.8007970982478,743.3991542444815,743.4301398294313,784.0035976357442,763.5765744989086,743.7654689271368,739.0091448047809,767.4405856800156,701.2065198431839,741.6594714395081,763.3481507701043,723.330773853551,774.6286122947247,768.6399719338668,759.3241544473144,748.4202449182422,734.9187066726557,781.5521809587669,711.9355468209874,763.9958874410444,734.8853526119083,768.6308803712486,754.0571027597581,745.1251382371339,706.3638183643118,742.0928796919346,725.130856654273,730.87407096755,738.8602671562,784.5465476434734,757.9060656177877,795.6720901083704,758.8263461564942,760.9757944916217,739.2273537508275,734.3625681608255,753.588702706249,771.1561378101165,720.080202302823,747.337646806893,798.6380132484514,745.49570470493,770.0811894068642,742.0468003364393,750.8943291970133,775.7335239663347,779.9070289895687,779.1202431849559,749.4613360939865
0.07643835616438356,760.9154088244203,734.8304584829145,741.9108187651786,749.9917586361219,777.335703469732,762.3020106122468,746.2740129314917,742.7012885062242,761.3559350995187,700.1491386065966,744.2538357344695,765.3606048247863,725.0613003005712,779.0367956238777,772.2323945971533,753.5287491414679,745.5334185372808,736.5706620505892,779.285734294696,708.3162865377446,766.2966023370476,733.3387767080557,772.2601175748273,751.8824899403135,744.4647639691325,710.5572366778113,742.5169945521584,723.3400077259398,734.5101901426574,737.936159112767,785.1826995608418,759.358978850215,787.1193413408052,755.1291898840947,758.8156692492926,740.7858569620225,732.724367969533,757.0583970342789,774.4939174039795,725.819374286686,748.6920711583872,804.876301180042,745.5819733285796,764.4077616268637,738.866356207967,755.4155909813766,773.3547538291715,781.7703387587011,782.353687562477,747.6443759905405
0.07767123287671232,766.7563008732617,733.1109641745767,738.4309889050783,753.1169404601515,773.7467547645527,762.75850308495,754.1649410141362,743.242962708962,759.7279333780314,702.4873721570561,742.3268892663372,765.3047997473511,718.8259970081275,780.2096869811143,777.9457782123053,753.3912103784468,743.7953418184611,741.6391663630212,778.7339942948868,710.7231494668895,765.9456178582811,730.1292290377398,771.9529455285061,747.0482898090127,744.6451142395808,711.9218771755251,738.6251922087771,724.7293988770291,741.2983110635735,741.1336906238661,785.6407676643204,762.2801308871286,781.63524451828,754.3237188870953,757.1168355806547,736.1130515762711,729.3495764228464,755.708213533043,781.2765597930381,723.0160896106737,746.1886259404398,801.9220592366254,744.6912023614615,763.6777202393736,741.4122141375303,751.4228565901315,771.5617812806556,781.358181264755,784.0242808580275,755.1967722894957
0.0789041095890411,765.0769256554885,732.342175598362,737.2996365249385,751.8535994906686,777.6544495548568,767.8308355712176,748.5807972438862,741.7610597856083,760.0213720413357,701.363027160021,737.0239594047051,766.2372890932584,716.444379041172,775.3212522661275,774.9437989572025,757.4219914692793,741.4078171433249,737.7959740831118,777.2330495029626,707.2482557156653,766.0421996231115,735.7643791271156,773.5086390678886,752.3016704468027,742.7561538663169,719.7507471330274,733.7553574517427,722.3659832678112,737.2249279438637,739.487781771907,779.9944681272275,761.3601010517511,781.749058604594,750.2452162559581,763.2107280439463,733.9179816922215,731.5638464691706,755.397040943497,779.8520640870213,716.6229194638784,745.897202431188,797.44116986855,744.4076858989647,758.5320032787404,734.5222702589423,750.8779682784992,770.6349636012661,783.8764434468959,783.8898920222812,756.0567573030579
0.08013698630136987,766.1782053073997,738.2142589118349,737.2734230435202,749.141796655853,781.3116812425445,767.26276736534,746.0990232848283,748.6982453869701,760.599620453186,696.6579320603057,743.2904290776027,769.4245146044876,715.2852336620313,774.9685198150072,779.0841341339961,761.1409321912381,735.2412240010655,746.5860461869738,779.4406080372855,704.5465275055169,761.9217016304459,735.2388877144151,769.982119178722,753.2634413382913,741.1178324859287,723.8020319079283,733.3102728980982,722.7168604817012,734.5927853331831,738.1142155240565,781.6738893099498,754.5843054777595,778.9054980131685,747.1286559344345,760.8517320274856,732.354724274759,730.1699838337531,758.0359634470772,782.5080201061148,714.2472694876869,745.6512784733474,797.556279179584,741.055674800839,761.0756179967763,738.3269199193228,749.5588883636827,770.1780177909728,787.4598458473112,781.6068326792085,763.4248154644526
0.08136986301369863,765.2992157780633,738.0452958474991,739.7622546047483,745.9459173177244,782.4469000494375,768.8524924570256,749.7796836060661,747.6871495023004,760.9010637335969,697.6534441397109,738.6824594258313,766.915218877118,711.0550141655152,774.0462379667215,776.5096029569944,762.5061654702612,735.878805696657,745.1442863982256,775.4488587511551,709.3220096364107,762.1045484231649,741.4001807120345,764.5498637369741,751.1019527099786,742.8320178559742,719.5232921062291,731.9574378198294,724.7120488506425,731.4205152539953,737.4175084144763,778.2216896469778,756.481335669779,784.3248817903366,752.903716159909,758.3795860675405,734.5357817546845,730.1800046081296,757.5882938440864,786.0999195399705,709.7249102384694,743.0897020042457,796.4478872101727,736.5588451365669,758.3725470045373,737.7547070653374,747.8256536260521,766.9703454137616,787.1533269292415,787.5358553258103,758.6959515953489
0.0826027397260274,770.6447348444674,738.3196048712815,737.7698137175878,746.3439189285768,779.6813444430753,773.5078339841006,749.2937535387236,747.7090707360276,764.8656297719008,698.6814062255111,736.9755012162219,769.3204600775798,707.5593254410402,775.2948439948966,768.7934476428215,761.6234545701467,738.6172262374566,747.8559259672226,776.6825012085004,706.0566087402032,761.99771853242,739.164439977858,767.1569791341012,750.269726567475,735.8720468300502,715.45720475902,732.6005196850505,722.8078117232233,726.9626303877335,739.1719887172109,777.479082557344,760.7999991483556,784.778313750128,755.3878215280754,753.2262198820869,733.7182144243719,731.951399746468,761.0560109270165,786.9308092018662,712.274172008942,743.5180107900868,800.6268891924766,735.0331370631717,755.3160585137035,738.5079499335078,744.6664174014937,765.971696208726,788.3825142022896,786.1299005821456,756.3008341781122
0.08383561643835616,775.1293238154192,733.4952871887577,737.1596016444706,744.2107963412745,779.2249996710498,775.3191438721391,753.1258975743535,747.0528000292629,768.1514787346847,697.8432441367772,735.7601901674508,771.6323236031241,709.6294218686213,778.6655855577807,767.575803426709,767.5316600542061,737.8842537782999,745.1341025641248,781.9252995337597,704.013873673925,757.03025482316,743.2518087322494,765.3642022564509,747.250785621964,733.279782812525,716.2943678808135,736.9825320338656,725.4644062646142,729.2453859222859,744.420317241544,780.3903808221916,759.2494716902899,789.196559772136,757.6531360574437,747.0437076754919,736.7877872243807,731.9112164768237,760.484784804731,792.5655017989686,709.055673783307,747.8030430727208,797.5762931437473,734.9216627759588,747.8175188890183,740.9555759080712,747.9453376420828,759.776325095975,787.2315701754319,788.4472596332014,760.8198631722693
0.08506849315068493,777.2858316508953,738.8263385309976,732.5704387878624,741.7021442362809,778.1967909054418,778.9670617684257,749.7775203754074,744.564730199617,767.9774656669031,694.2828979634933,736.0223915953603,774.2157611946575,710.5366660338044,780.9305435216818,768.6710936281653,761.8961839292186,733.271267741235,746.408503368742,782.6111038022761,701.8928519619958,754.5595412895188,742.5731795787493,762.2679413973877,750.3347606823788,733.3002935021567,716.0687222088594,735.3212591736644,727.0101399927478,731.5794010380049,748.755351764686,777.9603138849284,761.876014613749,789.5974872462767,757.5771764701967,746.2430473585702,734.3274673558974,731.4471977410053,762.988130382998,794.1040949987433,710.649578730526,745.1898695198844,796.0398089900208,742.7360700002272,748.719804595912,738.3728373532041,749.8878330662777,758.4888694451625,788.1995271118071,784.2825607453684,758.6972751597942
0.08630136986301369,769.7754434529272,741.8090727875336,729.9000975995647,744.3483281549495,777.0084394813384,777.3273235163654,750.8646258862257,746.3007805121192,766.3843494265177,692.0162573789468,734.8190879706709,779.803693948807,707.5780496900795,788.2502839179845,769.1156598769394,765.1859000539492,732.6243090666021,742.227355978533,779.5493802887975,704.3149885968069,753.0462835393288,743.9295693598718,758.560874006014,752.6872551843207,734.3991852540078,716.7286776832179,733.1016113836968,726.0579802734569,727.0847470144838,752.9601788637974,777.5244283128674,757.3105144973206,790.1791827989982,756.4133195769217,743.9877936236524,737.079986786817,733.8656190951039,759.5910185151373,794.5978366298848,715.3676855519944,743.1662607511759,798.8095613726206,747.6439473984406,747.7148765323158,738.2731268983518,749.1158264635108,757.8925862387977,792.9156884879551,788.0115317609839,756.4344995211173
0.08753424657534246,769.9443027870464,745.2939787712581,738.8011168243074,745.5365848059097,768.476563975864,779.9625591670343,750.3598980977824,748.7232505799768,765.2105482016217,691.0544621179082,734.5501286559512,782.0605811214618,709.2222823262574,790.5396763747896,769.4590227981774,766.8920654079748,737.0305838616059,740.0702358149856,777.0646932302548,698.639242447347,747.9886511852105,747.9173678978262,755.0720876811778,754.7654442328475,733.130644672363,714.1238500979832,736.2589376592833,724.4100733850901,723.611110201062,755.2493868025126,776.0119277815032,754.898925611255,790.7729105105266,756.3198287810515,746.2466548431242,737.0781970586941,735.0697790684765,759.5263645740671,802.0654374164568,712.4697278587852,742.6345440395748,796.2770756163147,746.3050394327378,750.0149769917849,737.7940119134354,754.1764275665721,764.440831306706,794.2744040424479,790.4254848861752,758.1972382041511
0.08876712328767122,772.2574700380259,745.4431732562496,742.1879515761742,744.2356045634376,765.5724665790495,779.7559802035382,750.816412461642,749.8848382622172,764.0039203269471,688.3895917840596,734.7289375466972,780.1222205788226,713.9743296757827,789.1801522289447,770.4562209725599,768.8824228279663,743.9659920010445,739.3188086329667,777.2065345520784,702.4884264306114,743.9845659403242,749.3651653608507,759.5759360812524,755.4900829617297,733.5632868291179,719.9418426374784,734.8411628240184,724.2474771948982,724.603993652629,755.7595342315946,777.8522824533314,750.959437178021,797.6401441480151,754.882709361055,746.9050767570144,735.8677715369166,735.4376680797036,754.6018217620632,799.3446048162735,712.0930771159013,738.691468261623,799.9041183709905,742.0559638167783,746.9501904462547,735.8763562818548,749.2258676275355,769.7942940141842,793.0415336134313,787.3699678773443,755.853887967545
0.09,775.6703709012149,748.449875455135,739.632232826534,746.6376920654826,764.924662514155,783.4449378808171,751.9042691052789,742.1259251484597,763.2381966332414,682.5889392759274,734.4415465743275,786.314792748311,709.9483718365549,794.8551807560201,771.1835411238894,769.7751320562334,744.8405533965891,737.1804358690669,775.0664068360975,701.7295123166448,748.8056460666405,752.0099637434757,756.4899371676148,748.6959039058545,732.4286127433804,718.8230211185229,735.0201085501963,722.798204206595,723.030328245036,752.8717795416197,773.9095426569602,751.2697035049547,803.3322318210896,756.5925111218369,743.9113807499101,738.5646505402203,734.1858253427732,751.7337983350751,803.5517852282235,718.0952627051715,736.729911031282,803.6914089731982,736.4854064877533,750.3137348873105,738.6465079300837,748.6006823308604,773.9632090871004,792.8643490762715,787.6506699923741,753.5094748596964
0.09123287671232877,773.5559490783652,749.6657314070806,735.2836249810239,751.1380220858323,770.0402733465384,779.9840960306318,747.869865015843,745.4189043536537,757.9654737969485,680.2747932693309,734.7360383206725,782.483823822595,710.1329492133499,793.747759525534,770.4430468104773,770.4632282402305,742.2511396857,736.390279504315,779.282491346186,700.7446244278583,745.4111178558345,746.8467668273378,754.678351777451,744.7869880344854,726.4469976573253,722.3693909282757,734.6711461908479,721.1582187782655,723.7525626795211,750.9343544451826,768.6357164816864,747.3983017973185,799.3785525530277,756.2745005487403,748.7284483754994,741.1500942201276,734.7059693850908,749.2882062056447,800.950396166124,717.2417759035612,731.9274868422187,810.7408319396027,739.5426979578435,752.7497989687205,739.0382410043975,745.5139873214563,776.5761455542807,789.1734086781051,784.0922654154432,756.0719773929725
0.09246575342465753,779.7774937424988,751.6846754587721,732.1256903507623,747.520607041752,770.5778610577547,777.3046122271138,744.334891517749,744.2633574109364,756.4214498005646,680.083337370642,727.0751434370673,780.8840697822058,716.3318439025385,794.7255006769612,768.3987688765948,773.6189749731049,735.784785959501,739.5534833290291,772.9874004208716,697.9774061647398,742.5982663290168,745.3265052611547,761.2326937059794,745.7127462557908,729.4535487092668,727.0178500815204,740.7663552164105,720.7301348510869,723.2070999627293,751.3895333469299,761.6421257909908,752.8600161111908,798.4569124539357,756.9277349270511,752.3536840484286,743.0223199875804,732.3767310691766,755.683361711351,803.0553867417592,716.4251375672832,725.9312186051931,818.2656568755821,743.4649275080619,758.1949032881955,741.4936475903597,751.0301145119723,776.4670845391864,788.2778188595528,782.9875311983473,755.1200265949865
0.0936986301369863,775.2507515560221,751.1739847191798,732.048697302892,745.5308812004558,775.3368479398166,781.6502930971427,748.9263845852681,740.2819525872034,755.0007392951479,678.560492808209,728.4810882358398,777.568324742676,718.2545999275512,795.350461836927,767.4928111799776,769.6948990144069,730.787652517192,735.4005520020212,778.5767731313239,697.523903249238,738.0425838399491,752.0578149073527,759.7780773042662,737.0413320465601,730.3075102597332,725.1403316745425,735.2911828232395,720.050131313934,726.5824888916685,757.050031732373,768.964985833483,754.5527197823114,804.3970575176253,765.8940793805608,752.4093293177665,742.595486904085,737.2071975891424,752.1626022963758,805.9410774925279,715.4366064284116,726.995117452955,815.6584384942772,750.2854064319257,756.670914640138,744.2978773788893,750.4291430844725,770.7085140539822,792.7770517051235,778.5726820452618,755.5733007168855
0.09493150684931506,772.9890338673619,746.3089876313345,732.1535193529551,748.6235031143826,773.9868103239907,780.9683433612872,749.8863797996545,742.2432516679424,754.3659600652164,678.3282259854448,723.9842991110881,777.2091473533575,720.8238903473117,787.3545045330015,766.2982074468274,765.475586121441,730.4946931571901,731.5327942325194,771.6600642709527,702.0464801695728,742.0336873620657,751.2923670690859,759.7517992453937,736.7771034826806,727.22928919109,726.9754281850912,732.6318747542568,720.3816710980968,730.1879636400913,758.9733421120236,771.2555147178833,754.6902020240194,799.0747732093469,765.879215006332,755.0017540861546,746.0173126567511,738.1214711697254,758.6001286733423,809.3337125453356,713.0714642525458,729.6729778332431,813.0853021965745,749.4112992762998,760.4340615136523,745.6050866461837,751.4522220670929,769.5745878076518,798.2731642565129,779.21809874621,759.3893035919555
0.09616438356164383,776.1696875300391,749.6893552262832,729.7514028765299,750.9891496428334,773.1188864374802,779.7277498083168,750.2302343304791,744.0773077643213,753.5146934050765,678.5714945729247,717.1052850858312,780.9128958566794,720.1821099597028,788.3068688894034,765.2696663531103,766.0157536481015,731.2139322592575,731.6772581085243,771.513304545218,702.6977656064156,745.0317319505625,752.3395607637866,760.9749745862897,733.4521812369339,731.9592299346054,732.083891878459,734.7265513305659,724.8909541949307,724.3230483504428,760.2128137580927,776.7614932153608,757.0646146500569,805.5617132983216,762.2157094533393,760.708645680235,749.9404579473444,739.5789173434171,760.8009297157143,814.5183753075254,710.577313784832,735.2658650743515,809.8152536922387,750.6897136985446,757.7002752200995,748.1402461658837,750.2762114583393,768.182880124252,792.2195269560563,782.6973762482759,763.5577378715051
0.0973972602739726,776.3297851020798,743.3237993732406,725.6232043194549,751.7316561613212,759.954301020183,779.9864887128304,750.0774275062695,740.6615314101916,755.739647140566,681.2482575996949,721.4719725482963,785.3791887183845,717.6499169769935,789.3042313481935,761.5558433118457,766.1841990988136,732.0333606955315,729.8553182666659,767.836713690984,699.8123627506724,746.0688428378057,751.7923633051705,759.9767396517374,735.4925472245731,734.1382681047658,736.7911464746901,738.4809633029267,727.7991156998446,728.6532945113407,762.1541673410386,775.4761174310621,761.3264276696758,807.8067883096638,767.5758385752916,762.0205405726978,748.906882110317,737.4868730974416,762.3419435742296,812.1303488516926,713.8482811909352,734.7379706086869,809.7477785190107,749.550847000956,758.0448717385191,744.4411107838447,753.9080472086979,765.7206840382565,794.7670296536842,780.4470835676622,766.4412115556006
0.09863013698630137,783.1952644151536,742.5319390574812,730.1736266646727,755.5806964623877,761.4984558113326,777.6152102459774,751.248291969972,748.7592196290968,753.9648037271819,687.882544319593,717.3939554635506,786.9756525284156,721.263967563037,788.5683210918303,759.7317200097399,766.7289401079545,731.1793657614744,726.6306006965788,770.6064255362403,698.7363829285382,746.3383196399094,749.7309160238007,757.6708658175248,734.8491940751404,732.1125753382531,739.2262183044833,735.1361969027286,730.5188651626373,727.1024969258808,757.663726494633,779.3098376789665,762.6229858301756,804.1780210260246,764.0944406588478,760.1803851068464,749.2541276543684,736.7555673215596,759.8915354935098,807.6804427003075,717.7488552496022,737.8278595648844,809.2918279527886,754.2593008668689,757.2509041267455,740.1565403780811,755.7214245061916,768.7602585115046,795.5464870188405,779.1035307428616,773.1936643125418
0.09986301369863014,783.8378681507924,741.8565609594648,731.6197664800027,751.9626879538047,763.3271549940225,782.1802333987043,747.4281733579403,744.7757192195832,752.503333170587,690.0952477921685,717.9552319553826,784.8598343811241,723.3354786834389,788.0704037753163,759.9993923206345,772.1081008362662,726.2221862549238,727.0459932553431,767.9778311318142,700.3753842975425,744.7168983339186,744.8091302733064,761.9408332867721,738.275350220517,735.6802607889531,740.6512277590608,738.9536729209698,732.1771835058273,723.4749146604647,755.4578038081937,777.7766731860654,759.8124796846319,796.3433971566575,760.6146687557832,760.5652777009926,744.2626817472099,738.9904222024292,762.6120328087376,808.4287004663447,714.8986228510865,736.8641164570276,808.5125405865282,757.3413356672896,761.8900111820357,744.8980642240336,757.3335072645591,767.9088794782538,789.6681528684774,780.1693405545225,771.9503475802397
0.1010958904109589,781.6485818711637,738.4516734098086,730.4073825559993,747.0753181128009,769.2691499919022,777.8835388778284,744.1412801646713,739.108655315722,754.2933082558528,685.835794779353,715.5108713894995,782.9418900147796,723.1644387447391,783.6197835857462,761.0278661441677,770.1342265010708,721.1931025908382,725.235020019224,764.14956270793,700.631701124419,743.7779353238186,741.0680590539538,763.0069034144958,739.3663166107433,737.4207698701197,740.9011679226542,737.4159326739692,730.2267019616643,725.3904896867767,757.1699992147953,773.4578094324403,760.0971306881374,796.5459275624057,766.7002823350119,761.1396632212511,742.0252338598693,732.6698523662045,768.9660418101723,809.5806165097933,721.2344519548295,734.4780925294172,804.4278651889451,754.7563982906186,763.3488722201538,743.6518429833709,757.8502219321235,765.2613713003708,791.1604920902715,774.0680271638547,768.8164859041709
0.10232876712328767,780.3430045221493,740.4402016677601,729.6911926833611,744.223984946581,767.6151862947252,777.3605064739305,748.4194103044297,735.3559813218859,753.5050919044761,677.8546952718707,713.3702479358324,780.8582100724481,721.67766246745,783.8966904667817,760.8060306557467,772.6779652148341,721.6539609682535,726.3018744695216,762.9992818186641,699.8317966490888,741.5668179405478,746.5699215254523,760.8881928606103,739.7294506986655,740.1090819164799,745.0434437650075,735.0551108744032,726.8182362769453,722.2619596946051,760.5820428441257,776.3392997848393,758.6312713867922,802.6736930629868,768.2028975859201,762.0628444916636,745.2048643660894,731.7906872084355,772.2792369794033,809.292163521487,726.4779129966266,736.559555887049,809.038502784306,755.3111228822828,769.9573037243124,745.7800748624516,760.7147300085298,759.7558131064183,792.5107462483558,774.4822913261482,774.9906228226229
0.10356164383561643,776.5963933796589,739.7803795478728,727.9852558036644,744.6183330608784,767.9259555490153,778.5410944107227,748.9106912839065,739.9622963433566,754.2160748732489,677.5663288358405,714.8837032967617,784.1326485947056,716.1399413163256,789.0922794643243,760.1838393320173,773.9791754289154,719.0323831022141,726.1677330843854,761.6127195502721,701.6899178330189,743.7115107452382,746.3029175024952,756.255135665023,736.5596952215143,738.1439515895463,746.9508705025105,733.011979166459,726.0835044289552,718.2688737530049,758.5916707485283,775.3262017392005,760.424505159642,803.4948909690974,764.7927197440865,765.9088473095173,742.0701180627773,729.7191691909987,773.625127180902,818.2215076924834,725.4835942493588,735.7381027416936,803.7689728220176,751.9888487284649,771.3072010884201,749.3846822436301,762.4285450382922,764.3792166407244,794.7937994240951,772.8598515295475,776.2804157866473
0.1047945205479452,772.2334267606567,738.3519595038163,718.6302303346012,742.0063518431498,765.5373212334989,778.1756914260613,751.7117852284787,739.3825476200024,756.4342043503488,677.7727172024834,711.5858080945602,781.0022425313452,716.6246416494653,788.4691345286631,761.9669651296288,782.076560747897,723.1672019808093,725.5178024361148,755.1456889759991,702.7993077838125,745.9738038061346,742.4005141388831,752.4038096920086,738.5905474761971,736.3304001890282,747.3524113176534,734.147439928333,729.87748049837,717.1720418670927,760.453167550472,776.2062209840351,759.1224916601608,805.4498849269271,765.1262021648496,766.9732037467676,743.154705645326,726.0786741221439,773.8772883789931,818.6774226739693,720.2103584675891,737.8664394215872,801.8612610524774,752.3498032666463,771.9098200132647,750.5910904780391,764.5092351669314,767.669027114057,790.4205707004048,772.9488821495081,775.3714911848322
0.10602739726027396,774.3718523313628,740.0362868727431,718.9892347480426,740.4095151222234,761.5764180157192,775.4248316806801,749.7030751291084,738.1654599059365,757.8332183374614,674.308602587276,712.7471981291217,783.9724558959733,714.4390259865187,786.6514216424256,764.6962676806776,777.2567026448439,718.5309549729794,725.2928734759691,756.6507151398719,699.4663520148409,748.9693716930149,739.4447631286438,749.0108961084759,746.3594860233609,733.6623006813967,745.7917066740087,735.7080567256786,733.7333915526207,721.4751341886758,754.1707300475559,777.6314467618025,759.3519627162775,807.1698150142519,769.909577816788,761.4084647463402,743.0227825619327,728.2495479848369,776.2265311807487,814.0767204495276,716.9711939017997,738.8099344064968,804.6834381046826,747.6693319821895,771.6811733603752,753.2572133986571,759.7123609488889,767.5154990675219,788.7580012746783,763.697997286253,768.1255787702964
0.10726027397260274,776.3478889850185,738.478273641944,715.602090100154,737.2314565725089,759.1822023280067,772.4588992205427,754.2529135433596,737.9563671638648,758.6608453055647,675.1100010348792,713.9356818011705,783.8523887108582,714.0175620131644,784.5422154372989,766.9814924719092,775.383323441011,723.8799236641029,728.5600453207389,748.7161690555893,693.5884274235267,755.7475738245681,742.2860176395715,741.9289077498039,740.7539236391253,731.9099379939336,741.3570843391552,732.8734217393485,729.0322643999783,715.7178046336381,755.8399038461715,779.6511975008467,762.8628510933719,806.289415436729,766.8441759692289,758.7227888454825,748.4106853586502,725.7849076337936,776.7630518618895,811.5168254072821,716.3248354110211,735.6358264217474,806.9006622357092,748.3083424327828,772.6084041835046,749.2366218230391,763.7981981504716,768.9837378232847,790.2734158792701,760.0807144684908,771.7180729580658
0.10849315068493151,780.7769816768485,743.0000692756112,712.4436867048513,735.2136540727932,758.0228032660149,773.8992180081019,755.3928400621559,736.0137344616932,757.9977595532271,672.828162229992,717.5975999272649,784.4386648535481,716.1226374878607,791.5315218150431,761.0888204601516,773.818297091112,721.7522908990823,732.7795508353393,752.5958699600374,695.1114196963049,758.0964477015766,739.1905190480074,745.7655632797557,737.4161769634644,724.4884429584777,740.783850481751,733.5310622052144,723.353976098915,712.4377054003908,760.5975187403649,778.913842065462,760.1784214966575,807.6926146362154,767.5683810381181,755.1618129391126,748.8628422090759,722.4647465403646,776.0472209082674,813.2044337965286,715.5559446411346,732.0721351851572,806.1579142235807,752.2399737299623,770.1701297336624,744.9077734891716,767.4685315409075,768.640495311505,784.7315784908599,758.9524376165472,774.6035324455146
0.10972602739726027,778.1802415197509,744.143221289662,710.4317021398249,731.9619167946825,762.551674876871,770.3892452987477,756.9874216372269,733.7736658690645,760.2690379699823,674.0152843077753,716.5294166353868,789.6684098541406,718.7052371072357,786.8159637263612,759.5572765299393,778.3221826782909,722.4547287751332,732.2578146441708,751.4959283192587,700.8113497529348,760.2095025505577,737.151380978306,746.0935844726465,742.8305053693932,727.9459101964363,746.8813526270234,732.2912585878242,728.6995934486295,707.1457364380171,759.9206974160423,771.0280318692216,759.677036940063,805.456027028418,775.8671078207276,756.3338714116387,742.6933587396792,725.6485898171683,779.0184387566765,812.8718619730555,720.9823693160508,728.734129433145,809.5348673570298,756.4297580355726,766.5603679608998,741.1147188259287,769.8115914111995,771.1626402667035,789.9027144774861,761.4790590018034,772.1377278441122
0.11095890410958904,783.9801929676667,742.5839034589438,712.718579635123,733.1397552885776,762.5517106420671,772.5764009913009,758.8107445995432,731.6983743673164,760.8493933824033,673.043660803205,719.8310700396887,788.0102237792796,720.9765337641097,789.7402293333093,761.912913100997,775.5106154268004,723.1577641139668,728.9383496635586,754.647791265724,698.2772798571189,763.5682728466323,733.529841328099,747.8509148704975,744.4986655853287,724.1661453922592,745.2858549531886,728.4493958050007,733.2778132342012,703.3987859008972,757.8588662121643,766.9989164207366,758.8896320724057,803.4184648525169,775.4300644106229,755.4327543487636,741.3056677824201,719.6647093226256,777.8751413609605,817.1262688557715,716.9306775800039,726.6149109704842,808.3514234682085,752.3076651013226,764.7659027574683,739.1265798426963,768.8535179299523,772.302555556649,791.1503356645499,757.0308660542399,773.4844504654715
0.1121917808219178,782.981459598261,736.2485212733533,709.0488338214318,735.7023966922445,759.8953600411074,767.4029907672755,756.1459086629402,733.9750453479888,759.1530734153212,674.2157090280917,725.2969730826966,793.787768124665,728.1619327563907,790.1199761792726,763.6360479007385,781.1834973755423,722.056530157958,724.0981318456542,752.6481514236011,697.8372195922019,758.3955530717928,729.4683875132318,743.1873913614833,743.5222713821471,725.9774651309579,743.1779801962617,733.8873462454095,731.2510912218531,702.9321386651203,766.8295293556438,768.9030953243279,756.8488197871346,800.1505066968211,769.7531192189481,756.5991030022633,742.677919733613,722.9393127617562,780.912223151674,820.3342966436105,716.5621690323318,729.5163607631578,815.4270055242615,752.4695513406215,763.5542701221665,730.6931661119155,768.9954115677072,770.8257298477569,789.529203217247,752.5566882487814,776.6448495314146
0.11342465753424658,788.4190272548004,732.0153221179577,704.5794895523329,734.1410112645847,760.3627200423331,765.5231140011831,749.9540682424517,737.2722901612682,758.6419297225744,669.0555237426167,730.3733997368545,788.8705032448682,731.8989807000171,796.8215080872583,765.9171964563697,786.6906460065675,715.6781849497929,717.0067530599616,750.0178405539208,702.0023150823497,758.4040042782581,734.7757414931997,741.5949023788845,746.0787957925131,721.8336140407152,742.3839046443685,730.7613466842932,730.9954960762126,698.8534723550455,766.9896947750763,775.513491460218,765.4147060985442,798.8266291806789,768.4651215741611,754.9471053284065,744.6592333687979,726.3330342009235,788.1714345031794,823.6633909398523,715.947147182061,729.1479667169255,819.1909002189988,748.0526830502184,761.8371408056825,729.3896460412299,765.3789481239539,768.7603517819209,794.2259449872843,751.4749590554753,772.0904599378129
0.11465753424657533,786.910833451188,735.5186322674654,706.5599331498345,733.4644080407538,761.083914579969,765.6380482909183,746.4070577655192,733.848927195528,754.5776086773012,667.7589654288724,732.2529913734769,786.0040679769592,729.492183929211,801.4263388084042,766.970331460125,789.6862691784053,714.1531686608328,713.2978932888926,752.1653893024121,707.3918106278982,753.3641148524433,734.3130744491373,740.8043528158516,747.1643139532862,722.1978587166636,741.6814116897987,731.0841837049445,731.1492825081043,699.802153036922,771.6676621965898,775.3859022825985,769.357366216568,797.5027717285365,767.5169746375157,752.5232535789941,746.1756933080176,719.8187273332193,791.5021767045195,826.7922134671821,718.5354530144409,733.7214292435987,816.487582538106,751.6491124123446,769.2028025350169,723.4607381948022,763.7640987208333,764.4979095881444,798.4652795648665,749.7332040603362,774.6492424202947
0.11589041095890411,784.3597139639407,735.3476866217044,708.9032051435883,731.5837759059126,758.8144109212805,761.4222044904203,751.776301050207,734.6150013564544,751.3832017727925,667.3158591881861,733.6951127025209,780.5543450345411,726.8621799768704,801.1070700569514,764.0866900767084,791.2004381837346,718.9483240845701,710.6198557525829,750.2265458061037,707.5881201329935,758.6054956011059,733.2674762339836,741.0437082868215,745.0137423460292,718.4102957445307,739.8508920630944,727.3380186925608,734.7013365660883,700.1214189746117,769.4573197052493,780.1020145949304,767.1223499825418,798.1505484945309,765.7601732793422,755.8933971133622,750.3528556697439,719.0897737384762,789.8157949632746,829.7746063642886,717.7890673153153,735.4785864292027,819.5691535303966,752.9900959814534,768.6045326098285,726.6344214877054,770.5246101710065,763.3535877336867,797.1454608512391,750.4886897635524,775.4053047186303
0.11712328767123287,785.2150070828368,734.4246879031505,705.9103031652252,733.2894910391747,762.6353004250091,763.6032907864981,756.085597458208,737.1611106765283,745.1739825399446,663.1370284386564,742.9486112105252,777.9851386937926,734.3424501751635,795.6819429396963,768.2023415963544,785.7915175763387,714.8994311405834,710.4486565579534,745.1258526295945,711.4845087123563,756.9536390798307,731.3216194815187,740.3639366391292,742.8181244748605,718.3404743023041,741.9415340210005,725.9511171777103,733.1177738251868,702.3438909740964,765.4355721912648,771.9756861622276,764.9494679791256,796.9296255160285,771.6859294756298,757.2281852217808,751.18060271168,719.991263130679,789.1582179505391,829.3402746454502,716.897038151211,734.8961282645283,818.7716960038456,749.2306913809896,767.6165266570562,728.0120804354453,770.1343983106201,767.2277583285118,793.8918481198428,747.9091459306114,772.3136321608146
0.11835616438356164,788.7806205620496,739.7491840558487,707.653174678521,733.5699010198767,756.3149830030125,763.5335813751548,754.9245376061599,733.6521634718674,742.9398231199992,668.6480350936367,750.2773924796783,779.9762883313974,732.1942829321553,800.6973002211826,763.6111609241833,786.414201179021,709.1190444989104,704.5850569693597,744.8330819418521,713.8323767606731,762.8774574284238,733.611641297207,736.3106854393358,745.6127571846331,713.2929968255835,742.9991229306137,726.2345260313137,735.0229127916303,708.2982512049813,760.2921811569983,777.0483783379228,766.0923059294989,791.1288966576935,772.4020694851008,756.4235016221692,744.9375708661688,723.2172258902856,792.8434518028126,835.0665083644742,716.8304357878199,732.1242535789479,820.1531056075029,746.2168629383888,771.8918914247784,729.5645767588633,768.2742843170017,761.2687593204442,796.6393969095552,748.0693838463877,770.9497817741193
0.11958904109589041,789.3322174897686,735.577137621062,706.738470934924,738.7285363454041,755.5970596200073,760.0519080479892,753.9153985026587,732.0238465876686,747.3131387162846,667.0517969182511,747.7425524228435,782.505723968042,732.0449543280879,805.8450194318548,766.9243934493948,781.4696175705787,708.4293034150726,709.0263709495875,740.3245992922285,712.081119909352,766.4430810253566,733.8030670116675,739.8508961306648,746.7331379427154,711.4299853692283,746.8706788038778,726.7436188347061,735.9021247951177,705.2161968565537,763.6257194346482,773.1663276344971,770.3677601678861,787.2807417418429,772.5383689234947,750.8994487468042,742.8360722750305,721.5231625483287,789.9663865551418,839.2232580497526,715.3653309518644,725.8126018628826,824.5744551903003,748.0489101434513,774.9734958645627,723.3632748425808,769.2766385602116,762.823620612304,806.2649437602583,744.6480474078764,769.549000389031
0.12082191780821917,787.2927557777681,733.6761507359901,707.6695531532142,735.1677267219195,757.8050078547822,754.9798467199535,757.3560605622432,728.6794713728948,745.4775341324525,671.139169141384,750.7815115087667,783.5555364269521,737.6820636093095,801.9274073686091,766.8616846416345,780.2156378974382,707.1376180680328,712.3466728894426,740.2753659523761,705.7743379683012,764.574800532647,734.7408559543827,742.1605405515347,750.276671087281,713.4918323355281,748.8435975521493,723.4689301447802,736.8694845783557,703.7179922215305,758.0668122618082,769.7172492560817,770.0129491371764,786.3449519429156,774.4436536955599,746.6515683724567,743.5203406006498,720.9897545938636,796.4823187420873,836.6484030366461,717.0933445312943,729.2801392710595,821.5763064484985,742.4691257110493,772.5056769540048,722.108215676293,768.8781815334067,764.3588845317814,807.1604647298097,744.7703960852554,767.196274792287
0.12205479452054795,782.6507626559684,732.1443909729896,703.7456149898335,736.3346349749116,753.3461215039156,749.7874805194865,756.7874913895661,724.5431309196471,748.0590975546636,669.1728974817061,752.766248380393,784.4697126783985,743.2659162871978,804.5546067075786,761.899223425312,780.9059188226034,703.1179476753986,716.2549035647405,744.7752477659669,702.9478159905101,759.0017297990802,735.1765253389359,742.3979493891585,752.4316931693595,714.157017034729,749.4513031739726,723.0802734449152,740.2890874069586,701.8417299837207,751.4297583655577,768.6947461879593,772.9004511549145,788.171018862779,774.9829932949777,742.7618409857191,741.2771844878016,723.349785476488,795.7909420483251,838.2920757972926,718.8279143273476,733.4727341933566,826.6670410962457,742.6868042217775,775.4316451881822,726.7401956952742,765.3023709529396,762.3081935839252,805.9021656382845,747.6723989767129,766.0064823344597
0.1232876712328767,777.8296476303743,734.0293813367233,706.3236599403361,737.7679894769503,754.5377361358109,749.948670465031,752.4643312262642,724.861058691809,748.0404903862714,668.489353953453,752.9984564596843,780.4209187011922,743.0799946217456,801.7158648866018,760.5643749735192,779.8373500293467,700.7857607003566,714.6327231734218,747.9307317015116,704.0844308103501,755.2482941097655,734.013969146916,745.7716961562978,750.3935392580086,714.6880028307446,742.5380961535197,724.1879671490493,740.7599781622882,700.4393958576122,749.3964664912298,769.6918389498423,766.9718491470268,787.1596654929808,768.4322271519584,742.5546161442776,742.406319746,720.4772500572911,796.2688207400427,842.1420557075642,716.0717301159406,732.7123394429373,825.6893673266351,743.8636408099901,778.9149882105035,724.4555502283595,766.9759091134812,757.0345932475711,801.9783798557745,745.6790161440636,759.653255506983
