ticker,expiry,option_type,spot,strike,mid,t,r,df,black_constant_vol,black_call,black_imp_vol,sabr_beta,sabr_alpha,sabr_rho,sabr_nu,sabr_sse,sabr_iv,sabr_call,black_mc_call,black_price_error,black_hedge_value_mean,black_hedge_error,black_call_payout_mean,black_hedge_profit_mean,sabr_mc_call,sabr_price_error,sabr_hedge_value_mean,sabr_hedge_error,sabr_call_payout_mean,sabr_hedge_profit_mean
SPY,2026-08-21,call,751.280029296875,600.0,151.24,0.1232876712328767,0.04,0.9950806330663632,0.1253660312984122,150.53582819911782,0.325335111429225,0.5,3.750625,-0.6599999999999999,2.292208333333333,0.0063188383386555,0.3200706385065966,151.17132580581077,159.1656306751491,8.629802476031273,150.57828051699107,0.04245231787325565,159.1656306751491,8.587350158158042,161.94896643301928,10.777640627208513,150.7856026912241,0.38572311458665354,161.94896643301928,11.163363741795166
SPY,2026-08-21,call,751.280029296875,605.0,146.245,0.1232876712328767,0.04,0.9950806330663632,0.1253660312984122,145.56042658104988,0.313586692193953,0.5,3.750625,-0.6599999999999999,2.292208333333333,0.0063188383386555,0.3139219504635763,146.24955731285368,154.1902275098173,8.629800928767423,145.602877297892,0.04245071684212576,154.1902275098173,8.587350211925301,156.97356326768744,10.724005954833757,145.8323697823534,0.4171875305002857,156.97356326768744,11.141193485334066
SPY,2026-08-21,call,751.280029296875,610.0,140.995,0.1232876712328767,0.04,0.9950806330663632,0.1253660312984122,140.5850274242908,0.2803837910445784,0.5,3.750625,-0.6599999999999999,2.292208333333333,0.0063188383386555,0.3077900384682814,141.33303981759013,149.2148243444855,8.629796920194678,140.62747366992338,0.042446245632561386,149.2148243444855,8.587350674562106,151.99816010235563,10.665120284765493,140.88193834244345,0.45110147514668597,151.99816010235563,11.116221759912193
SPY,2026-08-21,call,751.280029296875,615.0,136.435,0.1232876712328767,0.04,0.9950806330663632,0.1253660312984122,135.60963422483547,0.3024654632665769,0.5,3.750625,-0.6599999999999999,2.292208333333333,0.0063188383386555,0.3016736826701636,136.4223746939076,144.23942117915368,8.629786954318206,135.6520682274772,0.04243400264172692,144.23942117915368,8.587352951676461,147.02275693702384,10.600382243116258,135.93469712274918,0.48767757115840027,147.02275693702384,11.088059814274677
SPY,2026-08-21,call,751.280029296875,620.0,131.74,0.1232876712328767,0.04,0.9950806330663632,0.1253660312984122,130.63425485977154,0.3076580879244692,0.5,3.750625,-0.6599999999999999,2.292208333333333,0.0063188383386555,0.2955716604895904,131.51824350919503,139.26401801382184,8.629763154050295,130.6766560854972,0.04240122572565497,139.26401801382184,8.587361928324652,142.04735377169203,10.529110262497,130.99109298422326,0.5271505249717734,142.04735377169203,11.056260787468755
SPY,2026-08-21,call,751.280029296875,625.0,126.565,0.1232876712328767,0.04,0.9950806330663632,0.1253660312984122,125.65890634807576,0.2863825218119115,0.5,3.750625,-0.6599999999999999,2.292208333333333,0.0063188383386555,0.2894827478253385,126.62142034939352,134.28861484849003,8.629708500414253,125.70122217866503,0.04231583058925992,134.28861484849003,8.587392669825004,137.0719506063602,10.450530256966672,126.0516397855284,0.5697805638651232,137.0719506063602,11.020310820831801
SPY,2026-08-21,call,751.280029296875,630.0,121.645,0.1232876712328767,0.04,0.9950806330663632,0.1253660312984122,120.68362397747984,0.2789101062392359,0.5,3.750625,-0.6599999999999999,2.292208333333333,0.0063188383386555,0.2834057210411788,121.73278629937089,129.31321168315824,8.629587705678418,120.72572459219907,0.042100614719245755,129.31321168315824,8.587487090959147,132.09654744102838,10.363761141657491,121.11692844338468,0.6158578559862065,132.09654744102838,10.979618997643701
SPY,2026-08-21,call,751.280029296875,635.0,116.99,0.1232876712328767,0.04,0.9950806330663632,0.1253660312984122,115.70847801793047,0.28344984113515,0.5,3.750625,-0.6599999999999999,2.292208333333333,0.0063188383386555,0.2773393599618401,116.85334650108364,124.33780851782642,8.629330499895929,115.75005756798976,0.041579550059267945,124.33780851782642,8.587750949836636,127.1211442756966,10.267797774612944,116.18763816917767,0.6657083319059751,127.1211442756966,10.933506106518886
SPY,2026-08-21,call,751.280029296875,640.0,111.79,0.1232876712328767,0.04,0.9950806330663632,0.1253660312984122,110.73360295857336,0.2625957073424779,0.5,3.750625,-0.6599999999999999,2.292208333333333,0.0063188383386555,0.271282452178743,111.98425030311404,119.3624053524946,8.628802393921248,110.77397965462055,0.04037669604718985,119.3624053524946,8.588425697874044,122.14574111036477,10.161490807250715,111.26454877349458,0.7197015296194706,122.14574111036477,10.881192336870168
SPY,2026-08-21,call,751.280029296875,645.0,107.325,0.1232876712328767,0.04,0.9950806330663632,0.1253660312984122,105.75924635625476,0.272766293953365,0.5,3.750625,-0.6599999999999999,2.292208333333333,0.0063188383386555,0.2652337990586852,107.12681512736474,114.38700218716278,8.627755830908015,105.7969961696381,0.03774981338334271,114.38700218716278,8.590006017524683,117.17033794503293,10.04352281766819,106.34855373858508,0.7782613887796543,117.17033794503293,10.821784206447845
SPY,2026-08-21,call,751.280029296875,650.0,102.195,0.1232876712328767,0.04,0.9950806330663632,0.1253660312984122,100.78584675412404,0.2559500809360511,0.5,3.750625,-0.6599999999999999,2.292208333333333,0.0063188383386555,0.2591922239721146,102.2825548169744,109.41159902183094,8.625752267706886,100.81820993093761,0.03236317681356127,109.41159902183094,8.593389090893348,112.19493477970113,9.912379962726732,101.44067344782431,0.8418813691500873,112.19493477970113,10.754261331876796
SPY,2026-08-21,call,751.280029296875,651.0,101.185,0.1232876712328767,0.04,0.9950806330663632,0.1253660312984122,99.79134032770868,0.2531947498190374,0.5,3.750625,-0.6599999999999999,2.292208333333333,0.0063188383386555,0.2579846569548226,101.31543273255068,108.4165183887646,8.62517806105592,99.82212143661496,0.030781108906282384,108.4165183887646,8.594396952149632,111.19985414663476,9.884421414084088,100.46017063039542,0.8552621021552511,111.19985414663476,10.739683516239358
SPY,2026-08-21,call,751.280029296875,652.0,100.43,0.1232876712328767,0.04,0.9950806330663632,0.1253660312984122,98.79690849181048,0.2596013514260375,0.5,3.750625,-0.6599999999999999,2.292208333333333,0.0063188383386555,0.2567773182165372,100.34892170684503,107.42143775569824,8.624529263887752,98.82589211829819,0.02898362648770103,107.42143775569824,8.595545637400054,110.2047735135684,9.855851806723365,99.48004828452838,0.8688734223166534,110.2047735135684,10.724725229040022
SPY,2026-08-21,call,751.280029296875,654.0,98.275,0.1232876712328767,0.04,0.9950806330663632,0.1253660312984122,96.8083043601098,0.249361138954902,0.5,3.750625,-0.6599999999999999,2.292208333333333,0.0063188383386555,0.2543632901861112,98.41779573276722,105.43127648956552,8.622972129455732,96.83295210566519,0.024647745555398615,105.43127648956552,8.598324383900318,108.21461224743567,9.79681651466845,97.52098612566446,0.8968096071027531,108.21461224743567,10.693626121771192
SPY,2026-08-21,call,751.280029296875,655.0,97.09,0.1232876712328767,0.04,0.9950806330663632,0.1253660312984122,95.81415225079502,0.2401264571314398,0.5,3.750625,-0.6599999999999999,2.292208333333333,0.0063188383386555,0.25315658342274,97.4532133999722,104.43619585649913,8.622043605704107,95.83621060916371,0.022058358368695963,104.43619585649913,8.599985247335436,107.21953161436932,9.766318214397131,96.54206748272732,0.9111459172448662,107.21953161436932,10.677464131641997
SPY,2026-08-21,call,751.280029296875,656.0,96.545,0.1232876712328767,0.04,0.9950806330663632,0.1253660312984122,94.8201152601921,0.2537793319080215,0.5,3.750625,-0.6599999999999999,2.292208333333333,0.0063188383386555,0.2519500700088467,96.48930738830232,103.44111522343277,8.620999963240678,94.83926704126678,0.019151781074683072,103.44111522343277,8.601848182165993,106.22445098130295,9.735143593000629,95.56357165417877,0.925735734123549,106.22445098130295,10.660879327124173
SPY,2026-08-21,call,751.280029296875,657.0,95.415,0.1232876712328767,0.04,0.9950806330663632,0.1253660312984122,93.8262061411646,0.2470589130919837,0.5,3.750625,-0.6599999999999999,2.292208333333333,0.0063188383386555,0.2507437414627931,95.52609524186896,102.44603459036641,8.619828449201819,93.8421055461334,0.015899404968806152,102.44603459036641,8.60392904423302,105.22937034823659,9.703275106367613,94.58550984125279,0.940585400616186,105.22937034823659,10.643860506983795
SPY,2026-08-21,call,751.280029296875,658.0,94.545,0.1232876712328767,0.04,0.9950806330663632,0.1253660312984122,92.83243886658266,0.2489393126994633,0.5,3.750625,-0.6599999999999999,2.292208333333333,0.0063188383386555,0.2495375894175492,94.56359502950812,101.45095395730006,8.618515090717395,92.84471060858958,0.012271742006916497,101.45095395730006,8.606243348710473,104.23428971517023,9.670694685662127,93.60789349231138,0.955701537196731,104.23428971517023,10.626396222858844
SPY,2026-08-21,call,751.280029296875,659.0,93.69,0.1232876712328767,0.04,0.9950806330663632,0.1253660312984122,91.8388287235747,0.2510817067136379,0.5,3.750625,-0.6599999999999999,2.292208333333333,0.0063188383386555,0.2483316056285927,93.60182536253288,100.45587332423369,8.617044600659,91.84706746211248,0.00823873853778423,100.45587332423369,8.608805862121216,103.23920908210387,9.637383719570977,92.63073430228481,0.9710910602480851,103.23920908210387,10.608474779819048
SPY,2026-08-21,call,751.280029296875,660.0,92.17,0.1232876712328767,0.04,0.9950806330663632,0.1253660312984122,90.8453924126621,0.2313565424677612,0.5,3.750625,-0.6599999999999999,2.292208333333333,0.0063188383386555,0.2471257819822747,92.6408054131502,99.46079269116731,8.61540027850522,90.84916259328561,0.0037701806235190816,99.46079269116731,8.611630097881712,102.24412844903749,9.6033230358873,91.65404421144464,0.9867612017055478,102.24412844903749,10.590084237592865
SPY,2026-08-21,call,751.280029296875,661.0,91.59,0.1232876712328767,0.04,0.9950806330663632,0.1253660312984122,89.85214815178932,0.2431151652438149,0.5,3.750625,-0.6599999999999999,2.292208333333333,0.0063188383386555,0.2459201105046747,91.68055493356674,98.46571205810098,8.613563906311654,89.8509843596822,0.0011637921071212531,98.46571205810098,8.614727698418772,101.24904781597112,9.568492882404385,90.6778354034551,1.0027195301116336,101.24904781597112,10.571212412516022
SPY,2026-08-21,call,751.280029296875,662.0,90.76,0.1232876712328767,0.04,0.9950806330663632,0.1253660312984122,88.85911578523539,0.245879699942886,0.5,3.750625,-0.6599999999999999,2.292208333333333,0.0063188383386555,0.2447145833709788,90.72109427581438,97.4706314250346,8.611515639799208,88.85252373901595,0.00659204621943843,97.4706314250346,8.618107686018636,100.25396718290476,9.532872907090379,89.70212030264898,1.0189739731654015,100.25396718290476,10.551846880255786
SPY,2026-08-21,call,751.280029296875,663.0,89.565,0.1232876712328767,0.04,0.9950806330663632,0.1253660312984122,87.86631689735846,0.2375005915443033,0.5,3.750625,-0.6599999999999999,2.292208333333333,0.0063188383386555,0.243509192915408,89.76244441232151,96.47555079196823,8.609233894609773,87.85377522692872,0.012541670429740748,96.47555079196823,8.62177556503951,99.25888654983841,9.496442137516894,88.7269115704747,1.0355328418468162,99.25888654983841,10.531974979363707
SPY,2026-08-21,call,751.280029296875,664.0,88.60499999999999,0.1232876712328767,0.04,0.9950806330663632,0.1253660312984122,86.87377493110148,0.2363275351295652,0.5,3.750625,-0.6599999999999999,2.292208333333333,0.0063188383386555,0.2423039316417305,88.80462695726314,95.48047015890187,8.606695227800387,86.85473789828457,0.019037032816910937,95.48047015890187,8.625732260617301,98.26380591677204,9.459178959508904,87.75222210106499,1.0524048561981516,98.26380591677204,10.511583815707036
SPY,2026-08-21,call,751.280029296875,665.0,87.53,0.1232876712328767,0.04,0.9950806330663632,0.1253660312984122,85.88151531113958,0.2315904951534962,0.5,3.750625,-0.6599999999999999,2.292208333333333,0.0063188383386555,0.2410987922343907,87.84766418871722,94.48538952583552,8.603874214695935,85.85541664157707,0.026098669562514942,94.48538952583552,8.629972884258454,97.26872528370566,9.421061094988445,86.7780650158808,1.0695991728364191,97.26872528370566,10.490660267824897
SPY,2026-08-21,call,751.280029296875,666.0,86.43,0.1232876712328767,0.04,0.9950806330663632,0.1253660312984122,84.88956557152665,0.2260256752080111,0.5,3.750625,-0.6599999999999999,2.292208333333333,0.0063188383386555,0.2398937675702954,86.8915790716639,93.49030889276915,8.600743321242504,84.85582356730716,0.033742004219490696,93.49030889276915,8.634485325462002,96.27364465063931,9.382065578975414,85.80445365739016,1.0871254142737428,96.27364465063931,10.469190993249155
SPY,2026-08-21,call,751.280029296875,667.0,85.91499999999999,0.1232876712328767,0.04,0.9950806330663632,0.1253660312984122,83.89795548765065,0.2380927702018333,0.5,3.750625,-0.6599999999999999,2.292208333333333,0.0063188383386555,0.2386888507312907,85.93639528185847,92.49522825970278,8.597272772052136,83.85597957836436,0.041975909286293245,92.49522825970278,8.639248681338426,95.27856401757296,9.342168735714495,84.83140158175108,1.1049937001073857,95.27856401757296,10.447162435821872
SPY,2026-08-21,call,751.280029296875,668.0,85.02,0.1232876712328767,0.04,0.9950806330663632,0.1253660312984122,82.9067172122671,0.2385151355452268,0.5,3.750625,-0.6599999999999999,2.292208333333333,0.0063188383386555,0.237484035017377,84.98213723061401,91.50014762663642,8.593430414369323,82.85591607321476,0.050801139052339295,91.50014762663642,8.644231553421674,94.28348338450658,9.301346153892567,83.85892255047631,1.123214680137707,94.28348338450658,10.424560834030283
SPY,2026-08-21,call,751.280029296875,669.0,84.04499999999999,0.1232876712328767,0.04,0.9950806330663632,0.1253660312984122,81.91588541534357,0.2367137646978146,0.5,3.750625,-0.6599999999999999,2.292208333333333,0.0063188383386555,0.2362793139606991,84.02883009053114,90.50506699357005,8.589181578226487,81.85567673115939,0.060208684184175354,90.50506699357005,8.649390262410673,93.28840275144022,9.259572660909072,82.88703052107368,1.1417995694574614,93.28840275144022,10.40137223036653
SPY,2026-08-21,call,751.280029296875,670.0,82.935,0.1232876712328767,0.04,0.9950806330663632,0.1253660312984122,80.92549742739521,0.2312667978420831,0.5,3.750625,-0.6599999999999999,2.292208333333333,0.0063188383386555,0.2350746813403659,83.07649982221204,89.5099863605037,8.584488933108489,80.85531930374259,0.07017812365262444,89.5099863605037,8.654667056761088,92.29332211837388,9.216822296161837,81.91573963667213,1.160760185539914,92.29332211837388,10.377582481701737
SPY,2026-08-21,call,751.280029296875,671.0,82.08500000000001,0.1232876712328767,0.04,0.9950806330663632,0.1253660312984122,79.93559338595111,0.2328183523192475,0.5,3.750625,-0.6599999999999999,2.292208333333333,0.0063188383386555,0.2338701311981421,82.1251732019984,88.51490572743732,8.579312341486215,79.8549173089228,0.08067607702831481,88.51490572743732,8.65998841851455,91.2982414853075,9.173068283309107,80.94506421466451,1.180108987333881,91.2982414853075,10.353177270642993
SPY,2026-08-21,call,751.280029296875,672.0,81.125,0.1232876712328767,0.04,0.9950806330663632,0.1253660312984122,78.94621638474462,0.2313793375159003,0.5,3.750625,-0.6599999999999999,2.292208333333333,0.0063188383386555,0.232665657855071,81.17487785077424,87.51982509437097,8.573608709626356,78.85456149699978,0.09165488774483777,87.51982509437097,8.665263597371185,90.30316085224113,9.128283001466897,79.97501873442577,1.1998591163484633,90.30316085224113,10.32814211781537
SPY,2026-08-21,call,751.280029296875,673.0,80.325,0.1232876712328767,0.04,0.9950806330663632,0.1253660312984122,77.95741262516817,0.2339457160714003,0.5,3.750625,-0.6599999999999999,2.292208333333333,0.0063188383386555,0.2314612559290811,80.22564226387722,86.5247444613046,8.567331836136432,77.85436093239694,0.10305169277123127,86.5247444613046,8.670383528907665,89.30808021917478,9.082437955297564,79.00561782419453,1.220024439682689,89.30808021917478,10.302462394980235
SPY,2026-08-21,call,751.280029296875,674.0,79.23500000000001,0.1232876712328767,0.04,0.9950806330663632,0.1253660312984122,76.96923156949175,0.2291964907437377,0.5,3.750625,-0.6599999999999999,2.292208333333333,0.0063188383386555,0.2302569203536369,79.27749584215947,85.52966382823824,8.560432258746488,76.85444351671065,0.11478805278110826,85.52966382823824,8.675220311527601,88.3129995861084,9.035503743948937,78.03687624724446,1.2406195949150032,88.3129995861084,10.276123338863938
SPY,2026-08-21,call,751.280029296875,675.0,78.15,0.1232876712328767,0.04,0.9950806330663632,0.1253660312984122,75.98172609528837,0.2245603563822234,0.5,3.750625,-0.6599999999999999,2.292208333333333,0.0063188383386555,0.2290526463974997,78.3304689242495,84.53458319517189,8.552857099883525,75.85495576980676,0.12677032548160128,84.53458319517189,8.679627425365103,87.31791895304204,8.987450028792537,77.06880888751456,1.2616600367349378,87.31791895304204,10.249110065527486
SPY,2026-08-21,call,751.280029296875,676.0,77.33,0.1232876712328767,0.04,0.9950806330663632,0.1253660312984122,74.99495265046926,0.2265277218398739,0.5,3.750625,-0.6599999999999999,2.292208333333333,0.0063188383386555,0.2278484296856639,77.38459282005695,83.53950256210551,8.544549911636253,74.8560616909626,0.13889095950665364,83.53950256210551,8.683440871142917,86.32283831997567,8.938245499918722,76.10143073491813,1.2831620851388266,86.32283831997567,10.221407585057559
SPY,2026-08-21,call,751.280029296875,677.0,76.255,0.1232876712328767,0.04,0.9950806330663632,0.1253660312984122,74.00897140827676,0.2221886551695438,0.5,3.750625,-0.6599999999999999,2.292208333333333,0.0063188383386555,0.2266442662215449,76.4398998455725,82.54442192903915,8.535450520762382,73.85794054439668,0.1510308638800808,82.54442192903915,8.686481384642462,85.32775768690932,8.887857841336825,75.13475687060841,1.3051429749640846,85.32775768690932,10.193000816300916
SPY,2026-08-21,call,751.280029296875,678.0,75.195,0.1232876712328767,0.04,0.9950806330663632,0.1253660312984122,73.02384642154114,0.2182154177245008,0.5,3.750625,-0.6599999999999999,2.292208333333333,0.0063188383386555,0.2254401524104903,75.49642335901333,81.54934129597278,8.525494874431644,72.86078345518709,0.1630629663540475,81.54934129597278,8.688557840785696,84.33267705384296,8.836253694829622,74.16880245254485,1.327620906468482,84.33267705384296,10.1638746012981
SPY,2026-08-21,call,751.280029296875,679.0,74.35499999999999,0.1232876712328767,0.04,0.9950806330663632,0.1253660312984122,72.03964577546111,0.2195849221139149,0.5,3.750625,-0.6599999999999999,2.292208333333333,0.0063188383386555,0.2242360850847038,74.55419779836822,80.55426066290643,8.514614887445319,71.86478876311163,0.17485701234947726,80.55426066290643,8.689471899794796,83.33759642077659,8.78339862240837,73.20358270177894,1.35061509658928,83.33759642077659,10.134013718997647
SPY,2026-08-21,call,751.280029296875,680.0,73.735,0.1232876712328767,0.04,0.9950806330663632,0.1253660312984122,71.05644173812291,0.2257547464386942,0.5,3.750625,-0.6599999999999999,2.292208333333333,0.0063188383386555,0.2230320615296627,73.61325872039414,79.55918002984006,8.50273829171715,70.87015616184144,0.18628557628147746,79.55918002984006,8.689023867998634,82.34251578771023,8.729257067316084,72.23911288996192,1.3741458304322265,82.34251578771023,10.10340289774831
SPY,2026-08-21,call,751.280029296875,681.0,72.38499999999999,0.1232876712328767,0.04,0.9950806330663632,0.1253660312984122,70.07431090793196,0.2152552271165486,0.5,3.750625,-0.6599999999999999,2.292208333333333,0.0063188383386555,0.2218280795121283,72.67364284112395,78.5640993967737,8.48978848884174,69.87707974531465,0.19723116261731377,78.5640993967737,8.687019651459057,81.34743515464388,8.673792313519925,71.27540832866961,1.3982345124543372,81.34743515464388,10.07202682597425
SPY,2026-08-21,call,751.280029296875,682.0,71.42500000000001,0.1232876712328767,0.04,0.9950806330663632,0.1253660312984122,69.09333435709792,0.2136595508293086,0.5,3.750625,-0.6599999999999999,2.292208333333333,0.0063188383386555,0.2206241373098437,71.73538807794053,77.56901876370735,8.475684406609432,68.88574018578119,0.2075941713167282,77.56901876370735,8.683278577926151,80.3523545215775,8.616966443636969,70.31248436124056,1.4229037166999632,80.3523545215775,10.039870160336951
SPY,2026-08-21,call,751.280029296875,683.0,70.7,0.1232876712328767,0.04,0.9950806330663632,0.1253660312984122,68.11359777026861,0.2172824442175478,0.5,3.750625,-0.6599999999999999,2.292208333333333,0.0063188383386555,0.2194202337430314,70.79853359328035,76.57393813064097,8.460340360372356,67.89629637063337,0.21730139963524664,76.57393813064097,8.677641760007605,79.35727388851113,8.558740295230777,69.35035635793312,1.4481772353472309,79.35727388851113,10.006917530578013
SPY,2026-08-21,call,751.280029296875,684.0,69.73,0.1232876712328767,0.04,0.9950806330663632,0.1253660312984122,67.13519157738939,0.2153667975077083,0.5,3.750625,-0.6599999999999999,2.292208333333333,0.0063188383386555,0.2182163682077979,69.86311984002737,75.57885749757462,8.443665920185225,66.90887691795568,0.22631465943371154,75.57885749757462,8.669980579618926,78.3621932554448,8.499073415417428,68.38903971532457,1.4740801247027946,78.3621932554448,9.97315354012019
SPY,2026-08-21,call,751.280029296875,685.0,68.61500000000001,0.1232876712328767,0.04,0.9950806330663632,0.1253660312984122,66.15821107982768,0.2103030861482784,0.5,3.750625,-0.6599999999999999,2.292208333333333,0.0063188383386555,0.2170125407115731,68.92918860865967,74.58377686450825,8.425565784680572,65.92357206342506,0.23463901640262463,74.58377686450825,8.660204801083193,77.36711262237841,8.437924013718742,67.42854986099715,1.5006387476625207,77.36711262237841,9.938562761381263
SPY,2026-08-21,call,751.280029296875,686.0,67.875,0.1232876712328767,0.04,0.9950806330663632,0.1253660312984122,65.18275656878421,0.2132865427195802,0.5,3.750625,-0.6599999999999999,2.292208333333333,0.0063188383386555,0.2158087519107053,67.9967830762164,73.58869623144189,8.405939662657673,64.94042645403157,0.24233011475264732,73.58869623144189,8.64826977741031,76.37203198931205,8.375248913095646,66.46890226468327,1.5278808115331373,76.37203198931205,9.903129724628794
SPY,2026-08-21,call,751.280029296875,687.0,66.805,0.1232876712328767,0.04,0.9950806330663632,0.1253660312984122,64.20893343499588,0.2092342884630872,0.5,3.750625,-0.6599999999999999,2.292208333333333,0.0063188383386555,0.2146050031503591,67.06594785715173,72.59361559837552,8.384682163379637,63.95943338911489,0.24950004588099262,72.59361559837552,8.634182209260624,75.3769513562457,8.311003499093971,65.51011245716944,1.5558353999822856,75.3769513562457,9.866838899076246
SPY,2026-08-21,call,751.280029296875,688.0,65.785,0.1232876712328767,0.04,0.9950806330663632,0.1253660312984122,63.23685226872146,0.206233606005502,0.5,3.750625,-0.6599999999999999,2.292208333333333,0.0063188383386555,0.2134012965068573,66.13672905614371,71.59853496530914,8.361682696587685,62.98053101139931,0.25632125732214917,71.59853496530914,8.618003953909847,74.38187072317932,8.245141667035611,64.55219605838371,1.5845329977599931,74.38187072317932,9.829674664795618
SPY,2026-08-21,call,751.280029296875,689.0,63.975,0.1232876712328767,0.04,0.9950806330663632,0.1253660312984122,62.266628948995816,0.1856208560275332,0.5,3.750625,-0.6599999999999999,2.292208333333333,0.0063188383386555,0.2121976348326238,65.20917432293069,70.6034543322428,8.336825383246989,62.003600868873285,0.2630280801225311,70.6034543322428,8.599853463369515,73.38679009011295,8.17761576718226,63.595168816208876,1.614005506721817,73.38679009011295,9.791621273904079
SPY,2026-08-21,call,751.280029296875,690.0,63.96,0.1232876712328767,0.04,0.9950806330663632,0.1253660312984122,61.29838472114015,0.2046305845966348,0.5,3.750625,-0.6599999999999999,2.292208333333333,0.0063188383386555,0.2109940218039002,64.28333290924424,69.60837369917643,8.30998897803628,61.02846914567799,0.26991557546215716,69.60837369917643,8.579904553498434,72.39170945704662,8.10837654780238,62.639046657670214,1.644286251574023,72.39170945704662,9.752662799376385
SPY,2026-08-21,call,751.280029296875,691.0,63.005,0.1232876712328767,0.04,0.9950806330663632,0.1253660312984122,60.33224626151976,0.2029177576663007,0.5,3.750625,-0.6599999999999999,2.292208333333333,0.0063188383386555,0.2097904619714095,63.359255727915375,68.61329306611006,8.281046804590297,60.05491070422863,0.27733555729113135,68.61329306611006,8.55838236188144,71.39662882398024,8.037373096064861,61.68384575423077,1.6754099736846086,71.39662882398024,9.712783069749474
SPY,2026-08-21,call,751.280029296875,692.0,62.295,0.1232876712328767,0.04,0.9950806330663632,0.1253660312984122,59.368345728559326,0.2059114438099017,0.5,3.750625,-0.6599999999999999,2.292208333333333,0.0063188383386555,0.2085869608141613,62.43699541422469,67.61821243304371,8.249866704484383,59.082655903081914,0.2856898254774123,67.61821243304371,8.535556529961797,70.40154819091387,7.964552776689182,60.729582602986866,1.7074128112378233,70.40154819091387,9.671965587927001
SPY,2026-08-21,call,751.280029296875,693.0,61.15,0.1232876712328767,0.04,0.9950806330663632,0.1253660312984122,58.40682079904037,0.2004946073579113,0.5,3.750625,-0.6599999999999999,2.292208333333333,0.0063188383386555,0.2073835247966035,61.51660638957495,66.62313179997734,8.216311000936976,58.111399969972425,0.2954208290679432,66.62313179997734,8.511731830004925,69.40646755784749,7.889861168272539,59.776274125577025,1.740332263997928,69.40646755784749,9.63019343227047
SPY,2026-08-21,call,751.280029296875,694.0,60.395,0.1232876712328767,0.04,0.9950806330663632,0.1253660312984122,57.44781468873931,0.2024592673439764,0.5,3.750625,-0.6599999999999999,2.292208333333333,0.0063188383386555,0.206180161429335,60.5981449275604,65.62805116691098,8.180236478171672,57.14081453283349,0.3070001559058184,65.62805116691098,8.487236634077501,68.41138692478114,7.813241997220743,58.823937786591635,1.7742071409687625,68.41138692478114,9.587449138189502
SPY,2026-08-21,call,751.280029296875,695.0,59.53,0.1232876712328767,0.04,0.9950806330663632,0.1253660312984122,56.491476156498656,0.2022501154257057,0.5,3.750625,-0.6599999999999999,2.292208333333333,0.0063188383386555,0.2049768793336153,59.68166922250866,64.63297053384461,8.141494377345957,56.17056075917742,0.32091539732123664,64.63297053384461,8.462409774667192,67.41630629171479,7.73463706920613,57.872591733185324,1.809077489323336,67.41630629171479,9.543714558529468
SPY,2026-08-21,call,751.280029296875,696.0,58.375,0.1232876712328767,0.04,0.9950806330663632,0.1253660312984122,55.53795949086338,0.1967432733326672,0.5,3.750625,-0.6599999999999999,2.292208333333333,0.0063188383386555,0.2037736883099197,58.767239460573286,63.63788990077825,8.099930409914869,55.20030343972603,0.3376560511373512,63.63788990077825,8.437586461052229,66.42122565864841,7.653986198075124,56.92225495743628,1.844984503137006,66.42122565864841,9.498970701212137
SPY,2026-08-21,call,751.280029296875,697.0,57.455,0.1232876712328767,0.04,0.9950806330663632,0.1253660312984122,54.5874244784708,0.195514498074499,0.5,3.750625,-0.6599999999999999,2.292208333333333,0.0063188383386555,0.2025705994108047,57.85491789345088,62.64280926771189,8.055384789241089,54.22972528602703,0.3576991924437678,62.64280926771189,8.413083981684853,65.42614502558206,7.571227132131185,55.97294748275287,1.8819704106980026,65.42614502558206,9.45319754282918
SPY,2026-08-21,call,751.280029296875,698.0,56.765,0.1232876712328767,0.04,0.9950806330663632,0.1253660312984122,53.64003635343674,0.1982800751228189,0.5,3.750625,-0.6599999999999999,2.292208333333333,0.0063188383386555,0.201367625018366,56.94476891479894,61.64772863464553,8.00769228120879,53.25854069976916,0.381495653667578,61.64772863464553,8.389187934876364,64.4310643925157,7.486295477716752,55.0246905752831,1.9200783395158396,64.4310643925157,9.406373817232593
SPY,2026-08-21,call,751.280029296875,699.0,55.7,0.1232876712328767,0.04,0.9950806330663632,0.1253660312984122,52.69596572704743,0.1944266332670705,0.5,3.750625,-0.6599999999999999,2.292208333333333,0.0063188383386555,0.2001647789265949,56.03685913942827,60.652648001579166,7.956682274531737,52.28650831420872,0.4094574128387123,60.652648001579166,8.366139687370445,63.43598375944932,7.399124620021048,54.0775069808239,1.959352158604375,63.43598375944932,9.35847677862543
SPY,2026-08-21,call,751.280029296875,700.0,54.765,0.1232876712328767,0.04,0.9950806330663632,0.1253660312984122,51.75538849713787,0.192812784932831,0.5,3.750625,-0.6599999999999999,2.292208333333333,0.0063188383386555,0.1989620764289549,55.1312574853408,59.6575673685128,7.902178871374929,51.313441700903695,0.441946796234177,59.6575673685128,8.34412566760911,62.440903126382956,7.3096456410421595,53.13142118713902,1.999836298201778,62.440903126382956,9.309481939243948
SPY,2026-08-21,call,751.280029296875,701.0,53.98,0.1232876712328767,0.04,0.9950806330663632,0.1253660312984122,50.81848573662044,0.1936817457679179,0.5,3.750625,-0.6599999999999999,2.292208333333333,0.0063188383386555,0.1977595344115219,54.22803525868012,58.66248673544644,7.844000998826004,50.339217768491054,0.47926796812938477,58.66248673544644,8.323268966955386,61.44582249331661,7.217787234636496,52.18645971086536,2.041575547814759,61.44582249331661,9.259362782451241
SPY,2026-08-21,call,751.280029296875,702.0,52.855,0.1232876712328767,0.04,0.9950806330663632,0.1253660312984122,49.88544356070912,0.1888387622125187,0.5,3.750625,-0.6599999999999999,2.292208333333333,0.0063188383386555,0.19655717145206,53.3272662416641,57.66740610238007,7.78196254167095,49.36378254162107,0.5216610190880502,57.66740610238007,8.303623560758998,60.45074186025023,7.123475618586134,51.24265140730849,2.0846148343556052,60.45074186025023,9.20809045294175
SPY,2026-08-21,call,751.280029296875,703.0,51.98,0.1232876712328767,0.04,0.9950806330663632,0.1253660312984122,48.9564529724809,0.1881387963102998,0.5,3.750625,-0.6599999999999999,2.292208333333333,0.0063188383386555,0.1953550079254226,52.42902678355382,56.672325469313705,7.715872496832802,48.387154182302865,0.5692987901780384,56.672325469313705,8.285171287010838,59.455661227183874,7.026634443630051,50.300027800391284,2.128998983162539,59.455661227183874,9.155633426792592
SPY,2026-08-21,call,751.280029296875,704.0,51.88,0.1232876712328767,0.04,0.9950806330663632,0.1253660312984122,48.031709686512926,0.19947794563025,0.5,3.750625,-0.6599999999999999,2.292208333333333,0.0063188383386555,0.1941530661156999,51.53339589471868,55.67724483624736,7.645535149734435,47.409423287225195,0.6222863992877308,55.67724483624736,8.267821549022162,58.4605805941175,6.927184699398822,49.3586234288256,2.174772465893078,58.4605805941175,9.101957165291903
SPY,2026-08-21,call,751.280029296875,705.0,50.195,0.1232876712328767,0.04,0.9950806330663632,0.1253660312984122,47.11141393043494,0.1860142810415885,0.5,3.750625,-0.6599999999999999,2.292208333333333,0.0063188383386555,0.1929513703355584,50.64045534384126,54.69426599827892,7.58285206784398,46.4428524436934,0.6685614867415453,54.69426599827892,8.251413554585536,57.46549996105115,6.82504461720989,48.4184762032296,2.2219791406116585,57.46549996105115,9.047023757821549
SPY,2026-08-21,call,751.280029296875,706.0,49.385000000000005,0.1232876712328767,0.04,0.9950806330663632,0.1253660312984122,46.19577022435279,0.1861652907269321,0.5,3.750625,-0.6599999999999999,2.292208333333333,0.0063188383386555,0.1917499470532508,49.75028975830437,53.79869342851921,7.602923204166416,45.562972649102754,0.6327975752500379,53.79869342851921,8.235720779416448,56.47041932798479,6.720129569680424,47.47962776742797,2.2706619908763983,56.47041932798479,8.99079156055681
SPY,2026-08-21,call,751.280029296875,707.0,48.58,0.1232876712328767,0.04,0.9950806330663632,0.1253660312984122,45.284987138198616,0.186300152588021,0.5,3.750625,-0.6599999999999999,2.292208333333333,0.0063188383386555,0.1905488250278016,48.86298672778444,52.90312085875947,7.618133720560856,44.68266360300886,0.602323535189754,52.90312085875947,8.220457255750613,55.47533869491842,6.612351967133982,46.54212385557176,2.320862872212679,55.47533869491842,8.933214839346663
SPY,2026-08-21,call,751.280029296875,708.0,47.73,0.1232876712328767,0.04,0.9950806330663632,0.1253660312984122,44.37927702719276,0.1856750093800483,0.5,3.750625,-0.6599999999999999,2.292208333333333,0.0063188383386555,0.1893480354529103,47.978636911074375,52.00754828899975,7.628271261806994,43.802263047004615,0.5770139801881413,52.00754828899975,8.205285241995137,54.480258061852055,6.50162115077768,45.60601463503433,2.3726222760400475,54.480258061852055,8.874243426817738
SPY,2026-08-21,call,751.280029296875,709.0,46.79,0.1232876712328767,0.04,0.9950806330663632,0.1253660312984122,43.47885574570921,0.1836664798040105,0.5,3.750625,-0.6599999999999999,2.292208333333333,0.0063188383386555,0.1881476121101473,47.097334146131374,51.11197571924002,7.63311997353081,42.922151893082265,0.5567038526269457,51.11197571924002,8.18982382615776,53.4851774287857,6.387843282654323,44.67135502332943,2.425979122801941,53.4851774287857,8.813822405456268
SPY,2026-08-21,call,751.280029296875,710.0,45.915,0.1232876712328767,0.04,0.9950806330663632,0.1253660312984122,42.58394233996522,0.182578477568516,0.5,3.750625,-0.6599999999999999,2.292208333333333,0.0063188383386555,0.1869475915320552,46.21917556334234,50.21640314948029,7.632460809515074,42.04274509926731,0.5411972406979118,50.21640314948029,8.173658050212989,52.49009679571933,6.270921232376992,43.73820496561912,2.4809705977232213,52.49009679571933,8.751891830100222
SPY,2026-08-21,call,751.280029296875,711.0,44.89,0.1232876712328767,0.04,0.9950806330663632,0.1253660312984122,41.694758720074766,0.1792906546304407,0.5,3.750625,-0.6599999999999999,2.292208333333333,0.0063188383386555,0.1857480131758005,45.34426170196853,49.32083057972058,7.626071859645812,41.164482372685285,0.5302763473894814,49.32083057972058,8.156348207035288,51.49501616265297,6.150754460684446,42.80662965781088,2.5376320441576468,51.49501616265297,8.688386504842097
SPY,2026-08-21,call,751.280029296875,712.0,44.0,0.1232876712328767,0.04,0.9950806330663632,0.1253660312984122,40.81152931212191,0.1779251644812844,0.5,3.750625,-0.6599999999999999,2.292208333333333,0.0063188383386555,0.184548919608074,44.47269662971852,48.42525800996084,7.61372869783893,40.28781896390799,0.5237103482139247,48.42525800996084,8.137439046052851,50.4999355295866,6.027238899868081,41.87669969888037,2.5959969308381474,50.4999355295866,8.623235830706232
SPY,2026-08-21,call,751.280029296875,713.0,43.08,0.1232876712328767,0.04,0.9950806330663632,0.1253660312984122,39.93448069104189,0.1760969466852188,0.5,3.750625,-0.6599999999999999,2.292208333333333,0.0063188383386555,0.1833503567019622,43.60458806536474,47.52968544020111,7.59520474915923,39.41321672312828,0.5212639679136046,47.52968544020111,8.116468717072841,49.50485489652025,5.900266831155513,40.94849115500271,2.6560969103620238,49.50485489652025,8.556363741517524
SPY,2026-08-21,call,751.280029296875,714.0,42.260000000000005,0.1232876712328767,0.04,0.9950806330663632,0.1253660312984122,39.06384119520758,0.1756190839057169,0.5,3.750625,-0.6599999999999999,2.292208333333333,0.0063188383386555,0.1821523738465724,42.7400475042978,46.63411287044139,7.570271675233812,38.541135498048746,0.522705697158834,46.63411287044139,8.092977372392635,48.50977426345388,5.769726759156079,40.022085517454,2.7179619868437968,48.50977426345388,8.487688745999883
SPY,2026-08-21,call,751.280029296875,715.0,40.620000000000005,0.1232876712328767,0.04,0.9950806330663632,0.1253660312984122,38.199840523742125,0.1637133459384891,0.5,3.750625,-0.6599999999999999,2.292208333333333,0.0063188383386555,0.180955024170225,41.879190346868576,45.73854030068166,7.538699776939538,37.67202487576644,0.5278156479756859,45.73854030068166,8.066515424915218,47.51469363038751,5.635503283518936,39.097569536181055,2.781620810687521,47.51469363038751,8.417124094206468
SPY,2026-08-21,call,751.280029296875,716.0,40.605,0.1232876712328767,0.04,0.9950806330663632,0.1253660312984122,37.34270931769255,0.1742505211265458,0.5,3.750625,-0.6599999999999999,2.292208333333333,0.0063188383386555,0.1797583647780815,41.022136029341326,44.842967730921934,7.500258413229382,36.80631621488548,0.5363931028070752,44.842967730921934,8.036651516036462,46.51961299732115,5.497476967979821,38.17503491156327,2.8471011177780525,46.51961299732115,8.34457808575788
SPY,2026-08-21,call,751.280029296875,717.0,39.675,0.1232876712328767,0.04,0.9950806330663632,0.1253660312984122,36.49267872630401,0.172120187372734,0.5,3.750625,-0.6599999999999999,2.292208333333333,0.0063188383386555,0.1785624570051201,40.169008157228376,43.947395161162206,7.454716434858199,35.94441488540579,0.5482638408982154,43.947395161162206,8.002980275756414,45.597762512853215,5.428754355624839,37.32780797692999,2.8412001802983866,45.597762512853215,8.269954535923224
SPY,2026-08-21,call,751.280029296875,718.0,38.84,0.1232876712328767,0.04,0.9950806330663632,0.1253660312984122,35.649979959747526,0.1711976549677072,0.5,3.750625,-0.6599999999999999,2.292208333333333,0.0063188383386555,0.1773673666854164,39.3199346407315,43.051822591402484,7.401842631654958,35.086692635263304,0.5632873244842216,43.051822591402484,7.965129956139178,44.70218994309348,5.382255302361976,36.50903652988594,2.8108981108455637,44.70218994309348,8.193153413207549
SPY,2026-08-21,call,751.280029296875,719.0,37.995,0.1232876712328767,0.04,0.9950806330663632,0.1253660312984122,34.81484382974683,0.1700868583135115,0.5,3.750625,-0.6599999999999999,2.292208333333333,0.0063188383386555,0.176173164438738,38.475047831956005,42.156250021642755,7.341406191895928,34.23348003301392,0.5813637967329086,42.156250021642755,7.922769988628838,43.80661737333375,5.331569541377746,35.69254571461524,2.782502117340762,43.80661737333375,8.114071658718517
SPY,2026-08-21,call,751.280029296875,720.0,36.6,0.1232876712328767,0.04,0.9950806330663632,0.1253660312984122,33.98750027964575,0.1619022246217975,0.5,3.750625,-0.6599999999999999,2.292208333333333,0.0063188383386555,0.1749799259755053,37.634484663504566,41.26067745188303,7.273177172237283,33.38505899206179,0.6024412875839573,41.26067745188303,7.875618459821235,42.91104480357403,5.2765601400694635,34.87844061045449,2.7560440530500756,42.91104480357403,8.032604193119539
SPY,2026-08-21,call,751.280029296875,721.0,36.31,0.1232876712328767,0.04,0.9950806330663632,0.1253660312984122,33.168177905540794,0.1677607238696085,0.5,3.750625,-0.6599999999999999,2.292208333333333,0.0063188383386555,0.1737877324212206,36.79838678797947,40.365104882123305,7.19692697658251,32.54165545613157,0.6265224494092223,40.365104882123305,7.823449425991737,42.01547223381431,5.21708544583484,34.06682712238349,2.7315596655959737,42.01547223381431,7.948645111430805
SPY,2026-08-21,call,751.280029296875,722.0,35.47,0.1232876712328767,0.04,0.9950806330663632,0.1253660312984122,32.35710347018578,0.1665447720055445,0.5,3.750625,-0.6599999999999999,2.292208333333333,0.0063188383386555,0.1725966706615041,35.96690071784747,39.469532312363576,7.112428842177799,31.703432409219175,0.6536710609666017,39.469532312363576,7.766099903144395,41.11989966405457,5.152998946207099,33.25781060468566,2.709090113161814,41.11989966405457,7.862089059368924
SPY,2026-08-21,call,751.280029296875,723.0,34.645,0.1232876712328767,0.04,0.9950806330663632,0.1253660312984122,31.554501411435098,0.1654545985356987,0.5,3.750625,-0.6599999999999999,2.292208333333333,0.0063188383386555,0.1714068337089243,35.14017796502704,38.57395974260385,7.0194583311687495,30.870483455475238,0.6840179559598596,38.57395974260385,7.703476287128609,40.22432709429486,5.084149129267814,32.45149431684398,2.6886836481830656,40.22432709429486,7.772832777450867
SPY,2026-08-21,call,751.280029296875,724.0,33.870000000000005,0.1232876712328767,0.04,0.9950806330663632,0.1253660312984122,30.760593347062443,0.164901266330462,0.5,3.750625,-0.6599999999999999,2.292208333333333,0.0063188383386555,0.170218321092841,34.31837517945728,37.678387172844126,6.917793825781683,30.04282728446058,0.7177660626018643,37.678387172844126,7.63555988838355,39.32875452453512,5.010379345077844,31.647977733593144,2.6703974458641326,39.32875452453512,7.680776790941982
SPY,2026-08-21,call,751.280029296875,725.0,32.975,0.1232876712328767,0.04,0.9950806330663632,0.1253660312984122,29.97559757782868,0.1628577904730653,0.5,3.750625,-0.6599999999999999,2.292208333333333,0.0063188383386555,0.1690312392735076,33.50165428579483,36.7828146030844,6.807217025255724,29.220403384787357,0.7551941930413157,36.7828146030844,7.562411218297035,38.43318195477539,4.931527668980564,30.847354739568345,2.6542995462264827,38.43318195477539,7.585827215207056
SPY,2026-08-21,call,751.280029296875,726.0,32.3,0.1232876712328767,0.04,0.9950806330663632,0.1253660312984122,29.199728590723964,0.1633362742930696,0.5,3.750625,-0.6599999999999999,2.292208333333333,0.0063188383386555,0.1678457020817076,32.690182617260675,35.88724203332467,6.687513442600704,28.403069385980466,0.7966592047434986,35.88724203332467,7.484172647344202,37.53760938501567,4.847426767754996,30.049711747491152,2.6404708697695227,37.53760938501567,7.487897637524517
SPY,2026-08-21,call,751.280029296875,727.0,31.39,0.1232876712328767,0.04,0.9950806330663632,0.1253660312984122,28.4331965643268,0.1610129543543217,0.5,3.750625,-0.6599999999999999,2.292208333333333,0.0063188383386555,0.1666618311852004,31.88413304551401,34.99166946356494,6.558472899238144,27.590600388921114,0.8425961754056814,34.99166946356494,7.401069074643827,36.64203681525595,4.75790376974194,29.25512578682706,2.629007258686947,36.64203681525595,7.386911028428879
SPY,2026-08-21,call,751.280029296875,728.0,30.595,0.1232876712328767,0.04,0.9950806330663632,0.1253660312984122,27.67620687824556,0.1599597724233305,0.5,3.750625,-0.6599999999999999,2.292208333333333,0.0063188383386555,0.1654797565832642,31.083684105278447,34.09609689380521,6.419890015559652,26.78269058747052,0.8935162907750396,34.09609689380521,7.313406306334694,35.74646424549622,4.662780140217773,28.463662616785303,2.620021488493144,35.74646424549622,7.282801628710914
SPY,2026-08-21,call,751.280029296875,729.0,29.19,0.1232876712328767,0.04,0.9950806330663632,0.1253660312984122,26.928959628612887,0.1519512567246388,0.5,3.750625,-0.6599999999999999,2.292208333333333,0.0063188383386555,0.1642996171305912,30.28902011227576,33.20052432404549,6.271564695432602,25.97895738975895,0.9500022388539371,33.20052432404549,7.2215669342865425,34.85089167573649,4.5618715634607305,27.675374922808317,2.6136451894674444,34.85089167573649,7.175516752928175
SPY,2026-08-21,call,751.280029296875,730.0,28.995,0.1232876712328767,0.04,0.9950806330663632,0.1253660312984122,26.191649151596263,0.1575427327135584,0.5,3.750625,-0.6599999999999999,2.292208333333333,0.0063188383386555,0.1631215610917622,29.5003312728276,32.30495175428576,6.113302602689497,25.17894812305617,1.0127010285400928,32.30495175428576,7.1260036312295885,33.95531910597676,4.454987833149161,26.890300658703687,2.6100306141239145,33.95531910597676,7.065018447273073
SPY,2026-08-21,call,751.280029296875,731.0,28.22,0.1232876712328767,0.04,0.9950806330663632,0.1253660312984122,25.464463556871248,0.1565109347096636,0.5,3.750625,-0.6599999999999999,2.292208333333333,0.0063188383386555,0.1619457467274613,28.717813783284,31.409379184526028,5.94491562765478,24.38214926052204,1.0823142963492067,31.409379184526028,7.02722992400399,33.059746536217034,4.341932752933033,26.108461596727285,2.609352186556716,33.059746536217034,6.95128493948975
SPY,2026-08-21,call,751.280029296875,732.0,27.425,0.1232876712328767,0.04,0.9950806330663632,0.1253660312984122,24.74758427297613,0.1551914050300643,0.5,3.750625,-0.6599999999999999,2.292208333333333,0.0063188383386555,0.160772342913501,27.941669917206383,30.528005020740625,5.7804207477644916,23.602196359528985,1.1453879134471485,30.528005020740625,6.925808661211637,32.164173966457305,4.222504049250919,25.329862144740428,2.6118077724659585,32.164173966457305,6.834311821716879
SPY,2026-08-21,call,751.280029296875,733.0,26.585,0.1232876712328767,0.04,0.9950806330663632,0.1253660312984122,24.041185606426087,0.1533227813255937,0.5,3.750625,-0.6599999999999999,2.292208333333333,0.0063188383386555,0.1596015297936021,27.172108097987827,29.800215818165963,5.759030211739876,22.977877276641912,1.0633083297841743,29.800215818165963,6.82233854152405,31.26860139669758,4.096493298709753,24.554488482693067,2.6176196152947604,31.26860139669758,6.714112914004514
SPY,2026-08-21,call,751.280029296875,734.0,25.895,0.1232876712328767,0.04,0.9950806330663632,0.1253660312984122,23.34543431641368,0.1529911987604052,0.5,3.750625,-0.6599999999999999,2.292208333333333,0.0063188383386555,0.1584334994666997,26.40934295432413,29.10365937501951,5.758225058605838,22.3862201744191,0.9592141419945719,29.10365937501951,6.7174392006004044,30.373028826937855,3.96368587261372,23.782308059988512,2.6270348943356225,30.373028826937855,6.590720766949343
SPY,2026-08-21,call,751.280029296875,735.0,25.19,0.1232876712328767,0.04,0.9950806330663632,0.1253660312984122,22.660489206861723,0.1524122852424716,0.5,3.750625,-0.6599999999999999,2.292208333333333,0.0063188383386555,0.1572684567093373,25.65359535566001,28.407102931873055,5.746613725011333,21.79536747614653,0.8651217307151917,28.407102931873055,6.611735455726524,29.47745625717813,3.8238609015181204,23.013269480890816,2.640325874769193,29.47745625717813,6.464186776287315
SPY,2026-08-21,call,751.280029296875,736.0,23.765,0.1232876712328767,0.04,0.9950806330663632,0.1253660312984122,21.98650073751953,0.144233911856502,0.5,3.750625,-0.6599999999999999,2.292208333333333,0.0063188383386555,0.1561066197334262,24.90509242442695,27.7105464887266,5.724045751207065,21.204705120359474,0.7817956171600606,27.7105464887266,6.505841368367125,28.581883687418404,3.676791262991454,22.2473027874715,2.6577896369554495,28.581883687418404,6.3345808999469035
SPY,2026-08-21,call,751.280029296875,737.0,23.68,0.1232876712328767,0.04,0.9950806330663632,0.1253660312984122,21.3236106557154,0.1499695631648431,0.5,3.750625,-0.6599999999999999,2.292208333333333,0.0063188383386555,0.1549482209793093,24.16406752155387,27.01399004558014,5.6903793898647415,20.613645245449792,0.7099654102656068,27.01399004558014,6.400344800130355,27.773581720158653,3.6095141986047814,21.57159073192091,2.5924767896329612,27.773581720158653,6.2019909882377435
SPY,2026-08-21,call,751.280029296875,738.0,22.955,0.1232876712328767,0.04,0.9950806330663632,0.1253660312984122,20.671951650281912,0.1489423974360935,0.5,3.750625,-0.6599999999999999,2.292208333333333,0.0063188383386555,0.1537935079436473,23.43076020138991,26.317433602433688,5.645481952151776,20.02164049647833,0.6503111538035817,26.317433602433688,6.29579310595536,26.97751721370556,3.546757012315652,20.910995454266697,2.5197647471232116,26.97751721370556,6.066521759438865
SPY,2026-08-21,call,751.280029296875,739.0,22.225,0.1232876712328767,0.04,0.9950806330663632,0.1253660312984122,20.031647029075504,0.1477840017618817,0.5,3.750625,-0.6599999999999999,2.292208333333333,0.0063188383386555,0.152642744041123,22.705416131805634,25.62087715928724,5.589230130211735,19.428196626215392,0.603450402860112,25.62087715928724,6.192680533071841,26.18145270725247,3.476036575446834,20.25315923257367,2.4522568992319655,26.18145270725247,5.928293474678803
SPY,2026-08-21,call,751.280029296875,740.0,21.51,0.1232876712328767,0.04,0.9950806330663632,0.1253660312984122,19.4028104213964,0.1466963293613945,0.5,3.750625,-0.6599999999999999,2.292208333333333,0.0063188383386555,0.1514962094983625,21.98828697486733,24.924320716140784,5.521510294744388,18.832882933036807,0.5699274883595891,24.924320716140784,6.091437783103977,25.385388200799383,3.397101225932051,19.597947814729416,2.3903391601379163,25.385388200799383,5.787440386069962
SPY,2026-08-21,call,751.280029296875,741.0,20.815,0.1232876712328767,0.04,0.9950806330663632,0.1253660312984122,18.78554550650483,0.1457253260689862,0.5,3.750625,-0.6599999999999999,2.292208333333333,0.0063188383386555,0.1503542022777143,21.27963022308604,24.227764272994328,5.4422187664895,18.23534021437606,0.5502052921287692,24.227764272994328,5.992424058618269,24.58932369434629,3.3096934712602533,18.945214645476025,2.334415577610013,24.58932369434629,5.644109048870265
SPY,2026-08-21,call,751.280029296875,742.0,20.11,0.1232876712328767,0.04,0.9950806330663632,0.1253660312984122,18.17994576930477,0.1445691529342617,0.5,3.750625,-0.6599999999999999,2.292208333333333,0.0063188383386555,0.149217039027685,20.579708985859547,23.531207829847872,5.351262060543107,17.635286062308236,0.54465970699653,23.531207829847872,5.895921767539638,23.793259187893202,3.2135502020336553,18.294802587553487,2.2849063983060596,23.793259187893202,5.498456600339712
SPY,2026-08-21,call,751.280029296875,743.0,19.495,0.1232876712328767,0.04,0.9950806330663632,0.1253660312984122,17.586094284135836,0.1442132329990903,0.5,3.750625,-0.6599999999999999,2.292208333333333,0.0063188383386555,0.1480850560557964,19.888791720338816,22.83465138670142,5.248557102565584,17.03251747385555,0.5535768102802869,22.83465138670142,5.80213391284587,22.99719468144011,3.1084029611012944,17.64654556794922,2.242246152389594,22.99719468144011,5.350649113490888
SPY,2026-08-21,call,751.280029296875,744.0,18.76,0.1232876712328767,0.04,0.9950806330663632,0.1253660312984122,17.004063527485055,0.1425869178465105,0.5,3.750625,-0.6599999999999999,2.292208333333333,0.0063188383386555,0.1469586103184658,19.207151900586727,22.13809494355496,5.134031416069906,16.42691088007539,0.5771526474096653,22.13809494355496,5.711184063479573,22.20113017498702,2.9939782744002947,17.000270042939864,2.206881857646863,22.20113017498702,5.200860132047156
SPY,2026-08-21,call,751.280029296875,745.0,18.085,0.1232876712328767,0.04,0.9950806330663632,0.1253660312984122,16.43391522028816,0.1414605979331302,0.5,3.750625,-0.6599999999999999,2.292208333333333,0.0063188383386555,0.1458380804211429,18.53506761856034,21.44153850040851,5.007623280120349,15.81841980461823,0.6154954156699297,21.44153850040851,5.62311869579028,21.40506566853393,2.8699980499735886,16.3557961854123,2.179271433148042,21.40506566853393,5.0492694831216305
SPY,2026-08-21,call,751.280029296875,746.0,17.43,0.1232876712328767,0.04,0.9950806330663632,0.1253660312984122,15.875700200353055,0.1404366399602924,0.5,3.750625,-0.6599999999999999,2.292208333333333,0.0063188383386555,0.1447238676203933,17.87282111015841,20.744982057262057,4.8692818569090015,15.207070437380603,0.6686297629724525,20.744982057262057,5.537911619881451,20.609001162080837,2.736180051922428,15.712938715477517,2.159882394680892,20.609001162080837,4.896062446603321
SPY,2026-08-21,call,751.280029296875,747.0,16.785,0.1232876712328767,0.04,0.9950806330663632,0.1253660312984122,15.329458325294947,0.1394149216100085,0.5,3.750625,-0.6599999999999999,2.292208333333333,0.0063188383386555,0.1436163968178584,17.220698199348263,20.048425614115605,4.718967288820657,14.592955449368844,0.736502875926103,20.048425614115605,5.4554701647467585,19.812936655627748,2.5922384562794853,15.07150731970114,2.149190879647122,19.812936655627748,4.741429335926606
SPY,2026-08-21,call,751.280029296875,748.0,16.155,0.1232876712328767,0.04,0.9950806330663632,0.1253660312984122,14.795218406226333,0.1384412408627393,0.5,3.750625,-0.6599999999999999,2.292208333333333,0.0063188383386555,0.1425161175340465,16.578987653254472,19.351869170969145,4.556650764742814,13.976226382368926,0.8189920238574047,19.351869170969145,5.3756427886002225,19.016872149174652,2.43788449592018,14.43130663368361,2.1476810195708627,19.016872149174652,4.585565515491046
SPY,2026-08-21,call,751.280029296875,749.0,15.515,0.1232876712328767,0.04,0.9950806330663632,0.1253660312984122,14.27299817230456,0.1372733298571837,0.5,3.750625,-0.6599999999999999,2.292208333333333,0.0063188383386555,0.1414235048477245,15.947980441062064,18.655312727822697,4.3823145555181355,13.357084926718247,0.9159132455863137,18.655312727822697,5.298227801104449,18.22080764272157,2.2728272016595064,13.792135794914694,2.1558446461473704,18.22080764272157,4.428671847806874
SPY,2026-08-21,call,751.280029296875,750.0,14.94,0.1232876712328767,0.04,0.9950806330663632,0.1253660312984122,13.762804266095268,0.1366277039160715,0.5,3.750625,-0.6599999999999999,2.292208333333333,0.0063188383386555,0.140339060284266,15.327968889718376,17.95875628467624,4.195952018580973,12.735773360570779,1.027030905524489,17.95875628467624,5.2229829241054615,17.424743136268475,2.0967742465500994,13.153787605066318,2.1741812846520574,17.424743136268475,4.270955531202158
SPY,2026-08-21,call,751.280029296875,751.0,14.345,0.1232876712328767,0.04,0.9950806330663632,0.1253660312984122,13.26463226956522,0.1356877264313261,0.5,3.750625,-0.6599999999999999,2.292208333333333,0.0063188383386555,0.139263312633699,14.719245729713242,17.28700229342989,4.022370023864669,12.137366826377756,1.127265443187465,17.28700229342989,5.149635467052134,16.628678629815386,1.9094329001021446,12.516047370310554,2.2031983594026876,16.628678629815386,4.11263125950483
SPY,2026-08-21,call,751.280029296875,752.0,13.745,0.1232876712328767,0.04,0.9950806330663632,0.1253660312984122,12.778466760385362,0.1345957333690047,0.5,3.750625,-0.6599999999999999,2.292208333333333,0.0063188383386555,0.138196818676418,14.122103024746195,16.68995391359007,3.9114871532047086,11.612060971436964,1.1664057889483974,16.68995391359007,5.077892942153108,15.841901919579787,1.7197988948335912,11.887979308444253,2.2341237163019425,15.841901919579787,3.9539226111355332
SPY,2026-08-21,call,751.280029296875,753.0,13.18,0.1232876712328767,0.04,0.9950806330663632,0.1253660312984122,12.304281398081002,0.1337316821741043,0.5,3.750625,-0.6599999999999999,2.292208333333333,0.0063188383386555,0.1371401637915354,13.536830979861278,16.09290553375025,3.7886241356692487,11.085451550675762,1.2188298474052406,16.09290553375025,5.007453983074493,15.14534547643333,1.6085144965720524,11.350281917888429,2.1865490619728494,15.14534547643333,3.795063558544902
SPY,2026-08-21,call,751.280029296875,754.0,12.63,0.1232876712328767,0.04,0.9950806330663632,0.1253660312984122,11.842039039442266,0.1329027482344271,0.5,3.750625,-0.6599999999999999,2.292208333333333,0.0063188383386555,0.136093962419914,12.963716623724816,15.578994550691505,3.7369555112492385,10.640975098405434,1.201063941036832,15.578994550691505,4.938019452286072,14.47808159280549,1.5143649690806722,10.841781611807457,2.12193501191736,14.47808159280549,3.636299980998031
SPY,2026-08-21,call,751.280029296875,755.0,12.09,0.1232876712328767,0.04,0.9950806330663632,0.1253660312984122,11.391691882474952,0.1320594946349494,0.5,3.750625,-0.6599999999999999,2.292208333333333,0.0063188383386555,0.1350588583507973,12.40304236214102,15.081454234158324,3.689762351683372,10.212150612463521,1.1795412700114305,15.081454234158324,4.869303621694803,13.881033212965667,1.4779908508246464,10.403142148688257,1.9999002134527633,13.881033212965667,3.4778910642774115
SPY,2026-08-21,call,751.280029296875,756.0,11.56,0.1232876712328767,0.04,0.9950806330663632,0.1253660312984122,10.953181638055332,0.1312002017665736,0.5,3.750625,-0.6599999999999999,2.292208333333333,0.0063188383386555,0.1340355247980689,11.855084401725508,14.583913917625145,3.6307322795698127,9.782868629513604,1.1703130085417275,14.583913917625145,4.801045288111538,13.283984833125853,1.4289004314003453,9.963874354486537,1.891210047238971,13.283984833125853,3.3201104786393167
SPY,2026-08-21,call,751.280029296875,757.0,11.04,0.1232876712328767,0.04,0.9950806330663632,0.1253660312984122,10.526439728335102,0.1303231078398027,0.5,3.750625,-0.6599999999999999,2.292208333333333,0.0063188383386555,0.1330246642294438,11.320111044897756,14.08637360109196,3.559933872756858,9.353354959018198,1.1730847693169046,14.08637360109196,4.7330186420737625,12.703618961887967,1.3835079169902098,9.540371722992656,1.779739321905101,12.703618961887967,3.16324723889531
SPY,2026-08-21,call,751.280029296875,758.0,10.535,0.1232876712328767,0.04,0.9950806330663632,0.1253660312984122,10.111387510836291,0.1294748625226669,0.5,3.750625,-0.6599999999999999,2.292208333333333,0.0063188383386555,0.1320270079095725,10.798380860056742,13.58883328455878,3.477445773722488,8.923789633105173,1.1875978777311182,13.58883328455878,4.665043651453608,12.206078645354784,1.4076977852980423,9.198472480751423,1.5999083793053188,12.206078645354784,3.0076061646033607
SPY,2026-08-21,call,751.280029296875,759.0,10.035,0.1232876712328767,0.04,0.9950806330663632,0.1253660312984122,9.707936527076583,0.128556922206015,0.5,3.750625,-0.6599999999999999,2.292208333333333,0.0063188383386555,0.1310433151162755,10.290140733971583,13.091292968025595,3.38335644094901,8.494297309599142,1.2136392174774429,13.091292968025595,4.596995658426455,11.708538328821602,1.4183975948500187,8.855030458214618,1.4351102757569656,11.708538328821602,2.853507870606985
SPY,2026-08-21,call,751.280029296875,760.0,9.555,0.1232876712328767,0.04,0.9950806330663632,0.1253660312984122,9.315988774471387,0.1277137129383919,0.5,3.750625,-0.6599999999999999,2.292208333333333,0.0063188383386555,0.1300743719881905,9.795623817070654,12.648287212222101,3.3322984377507137,8.119473382699729,1.1965153917716584,12.648287212222101,4.528813829522372,11.210998012288423,1.415374195217769,8.509709786735183,1.285914030335471,11.210998012288423,2.701288225553238
SPY,2026-08-21,call,751.280029296875,761.0,9.09,0.1232876712328767,0.04,0.9950806330663632,0.1253660312984122,8.935437000177425,0.1268960124537781,0.5,3.750625,-0.6599999999999999,2.292208333333333,0.0063188383386555,0.1291209899622021,9.315047376400557,12.250254958995557,3.314817958818132,7.789746905282032,1.145690094895393,12.250254958995557,4.460508053713525,10.71345769575524,1.3984103193546833,8.162160479051831,1.1528868973487256,10.71345769575524,2.551297216703408
SPY,2026-08-21,call,751.280029296875,762.0,8.635,0.1232876712328767,0.04,0.9950806330663632,0.1253660312984122,8.56616501546742,0.1260533867251772,0.5,3.750625,-0.6599999999999999,2.292208333333333,0.0063188383386555,0.1281840037604333,8.848610575522777,11.900895053605925,3.334730038138506,7.508731191555372,1.0574338239120475,11.900895053605925,4.3921638620505545,10.215917379222057,1.3673068036992806,7.812020225946765,1.036590349576012,10.215917379222057,2.4038971532752935
SPY,2026-08-21,call,751.280029296875,763.0,8.215,0.1232876712328767,0.04,0.9950806330663632,0.1253660312984122,8.20804802915884,0.12543612190784,0.5,3.750625,-0.6599999999999999,2.292208333333333,0.0063188383386555,0.127264268889595,8.396492205416822,11.60237086368602,3.3943228345271788,7.278425912066586,0.9296221170922543,11.60237086368602,4.323944951619433,9.718377062688877,1.321884857272055,7.458916932784139,0.9375752726326825,9.718377062688877,2.2594601299047383
SPY,2026-08-21,call,751.280029296875,764.0,7.800000000000001,0.1232876712328767,0.04,0.9950806330663632,0.1253660312984122,7.86095299856453,0.124744918209858,0.5,3.750625,-0.6599999999999999,2.292208333333333,0.0063188383386555,0.1263626586203345,7.958848395445877,11.355584101231463,3.4946311026669328,7.099491160031155,0.7614618385333749,11.355584101231463,4.2560929412003095,9.220836746155696,1.2619883507098182,7.102472085067182,0.8563763103786952,9.220836746155696,2.118364661088512
SPY,2026-08-21,call,751.280029296875,765.0,7.375,0.1232876712328767,0.04,0.9950806330663632,0.1253660312984122,7.524738996386401,0.123822057289329,0.5,3.750625,-0.6599999999999999,2.292208333333333,0.0063188383386555,0.1254800604212038,7.535810338448588,11.15656797461819,3.6318289782317885,6.967643907262702,0.557095089123699,11.15656797461819,4.188924067355489,8.723296429622513,1.1874860911739251,6.742305036475855,0.7935053019727327,8.723296429622513,1.9809913931466574
SPY,2026-08-21,call,751.280029296875,766.0,6.975,0.1232876712328767,0.04,0.9950806330663632,0.1253660312984122,7.199257591932923,0.1230239426098704,0.5,3.750625,-0.6599999999999999,2.292208333333333,0.0063188383386555,0.1246173718311068,7.127482068828755,10.957551848004918,3.758294256071995,6.834729202358377,0.3645283895745459,10.957551848004918,4.122822645646542,8.225756113089332,1.0982740442605774,6.378038303144712,0.7494437656840427,8.225756113089332,1.8477178099446199
SPY,2026-08-21,call,751.280029296875,767.0,6.625,0.1232876712328767,0.04,0.9950806330663632,0.1253660312984122,6.884353245018771,0.1226206584050211,0.5,3.750625,-0.6599999999999999,2.292208333333333,0.0063188383386555,0.1237754957657313,6.733938336878159,10.758535721391645,3.874182476372874,6.700304454604061,0.18404879041471034,10.758535721391645,4.058231266787583,7.728215796556151,0.9942774596779929,6.009303916704967,0.7246344201731914,7.728215796556151,1.7189118798511835
SPY,2026-08-21,call,751.280029296875,768.0,6.27,0.1232876712328767,0.04,0.9950806330663632,0.1253660312984122,6.579863710880416,0.1220376036721325,0.5,3.750625,-0.6599999999999999,2.292208333333333,0.0063188383386555,0.1229553352674852,6.355222626194485,10.559519594778372,3.979655883897956,6.563881731454432,0.015981979425983894,10.559519594778372,3.99563786332394,7.230675480022969,0.8754528538284836,5.635750830027676,0.7194717961668093,7.230675480022969,1.5949246499952932
SPY,2026-08-21,call,751.280029296875,769.0,5.915,0.1232876712328767,0.04,0.9950806330663632,0.1253660312984122,6.28562045443659,0.1213214573777321,0.5,3.750625,-0.6599999999999999,2.292208333333333,0.0063188383386555,0.1221577877247016,5.991345363637186,10.3605034681651,4.074883013728509,6.424943510027039,0.13932305559044877,10.3605034681651,3.93555995813806,6.733135163489786,0.7417897998526,5.257053281206697,0.734292082430489,6.733135163489786,1.4760818822830895
SPY,2026-08-21,call,751.280029296875,770.0,5.59,0.1232876712328767,0.04,0.9950806330663632,0.1253660312984122,6.00144907222058,0.1208005079228745,0.5,3.750625,-0.6599999999999999,2.292208333333333,0.0063188383386555,0.1213837386040056,5.642282372486474,10.161487341551828,4.160038269331248,6.282960761977535,0.2815116897569556,10.161487341551828,3.8785265795742925,6.235594846956606,0.5933124744701317,4.872919905475287,0.7693624670111872,6.235594846956606,1.362674941481319
SPY,2026-08-21,call,751.280029296875,771.0,5.265000000000001,0.1232876712328767,0.04,0.9950806330663632,0.1253660312984122,5.727169720319911,0.12014515041634,0.5,3.750625,-0.6599999999999999,2.292208333333333,0.0063188383386555,0.1206340547592405,5.307973619028809,9.962471214938555,4.235301494618644,6.137412728289514,0.4102430079696031,9.962471214938555,3.8250584866490414,5.777457600983925,0.46948398195511576,4.522506320144487,0.7854672988843223,5.777457600983925,1.2549512808394379
SPY,2026-08-21,call,751.280029296875,772.0,4.965,0.1232876712328767,0.04,0.9950806330663632,0.1253660312984122,5.462597546677093,0.1196386804970919,0.5,3.750625,-0.6599999999999999,2.292208333333333,0.0063188383386555,0.1199095774005027,4.988322300441487,9.763455088325284,4.300857541648191,5.987807608653317,0.5252100619762246,9.763455088325284,3.775647479671966,5.379425347757379,0.39110304731589185,4.226320336548448,0.7620019638930389,5.379425347757379,1.1531050112089314
SPY,2026-08-21,call,751.280029296875,773.0,4.67,0.1232876712328767,0.04,0.9950806330663632,0.1253660312984122,5.207543126129864,0.1190544153201549,0.5,3.750625,-0.6599999999999999,2.292208333333333,0.0063188383386555,0.1192111148267249,4.68319431739906,9.56443896171201,4.356895835582146,5.833703295546153,0.6261601694162886,9.56443896171201,3.730735666165857,5.023029676011594,0.33983535861253333,3.9657615095199032,0.717432807879157,5.023029676011594,1.0572681664916899
SPY,2026-08-21,call,751.280029296875,774.0,4.395,0.1232876712328767,0.04,0.9950806330663632,0.1253660312984122,4.961812896601752,0.1185708224690423,0.5,3.750625,-0.6599999999999999,2.292208333333333,0.0063188383386555,0.1185394350438272,4.392418168196,9.365422835098737,4.403609938496985,5.674727233974537,0.7129143373727853,9.365422835098737,3.6906956011241996,4.724505486091685,0.33208731789568535,3.7570021163962095,0.63541605179979,4.724505486091685,0.9675033696954749
SPY,2026-08-21,call,751.280029296875,775.0,4.13,0.1232876712328767,0.04,0.9950806330663632,0.1253660312984122,4.72520959489628,0.1180723956303611,0.5,3.750625,-0.6599999999999999,2.292208333333333,0.0063188383386555,0.1178952584065464,4.115785292428083,9.166406708485464,4.441197113589184,5.510594489221006,0.7853848943247259,9.166406708485464,3.6558122192644573,4.425981296171775,0.31019600374369194,3.5421826579548834,0.5736026344731999,4.425981296171775,0.8837986382168925
SPY,2026-08-21,call,751.280029296875,776.0,3.875,0.1232876712328767,0.04,0.9950806330663632,0.1253660312984122,4.497532690593271,0.1175600131349573,0.5,3.750625,-0.6599999999999999,2.292208333333333,0.0063188383386555,0.1172792504344811,3.853050881575791,8.967390581872191,4.46985789127892,5.341123158565905,0.8435904679726338,8.967390581872191,3.6262674233062873,4.127457106251867,0.27440622467607545,3.3213920799491503,0.5316588016266408,4.127457106251867,0.806065026302717
SPY,2026-08-21,call,751.280029296875,777.0,3.63,0.1232876712328767,0.04,0.9950806330663632,0.1253660312984122,4.278578816599933,0.1170347372129749,0.5,3.750625,-0.6599999999999999,2.292208333333333,0.0063188383386555,0.1166920149605461,3.603935161553743,8.768374455258918,4.489795638658985,5.166246366988976,0.8876675503890432,8.768374455258918,3.602128088269944,3.828932916331958,0.22499775477821515,3.0947952398431418,0.509139921710601,3.828932916331958,0.7341376764888161
SPY,2026-08-21,call,751.280029296875,778.0,3.395,0.1232876712328767,0.04,0.9950806330663632,0.1253660312984122,4.068142194969683,0.1164978520743163,0.5,3.750625,-0.6599999999999999,2.292208333333333,0.0063188383386555,0.11613408777196,3.368125138889587,8.569358328645645,4.501216133675962,4.986020236000195,0.9178780410305123,8.569358328645645,3.583338092645451,3.530408726412049,0.1622835875224622,2.8626280862080296,0.5054970526815574,3.530408726412049,0.6677806402040188
SPY,2026-08-21,call,751.280029296875,779.0,3.185,0.1232876712328767,0.04,0.9950806330663632,0.1253660312984122,3.866015056664092,0.1161598189074578,0.5,3.750625,-0.6599999999999999,2.292208333333333,0.0063188383386555,0.1156059308994457,3.1452767883214934,8.370342202032374,4.504327145368283,4.800627400622121,0.9346123439580292,8.370342202032374,3.569714801410252,3.297937260202022,0.15266047188052845,2.6912417172703518,0.4540350710511416,3.297937260202022,0.6066955429316708
SPY,2026-08-21,call,751.280029296875,780.0,2.9800000000000004,0.1232876712328767,0.04,0.9950806330663632,0.1253660312984122,3.6719880540050274,0.1157550645629448,0.5,3.750625,-0.6599999999999999,2.292208333333333,0.0063188383386555,0.1151079276992102,2.935017645921645,8.1713260754191,4.499338021414074,4.610375861253331,0.9383878072483038,8.1713260754191,3.56095021416577,3.0989211335887497,0.16390348766710483,2.548387297743269,0.3866303481783757,3.0989211335887497,0.5505338358454804
SPY,2026-08-21,call,751.280029296875,781.0,2.78,0.1232876712328767,0.04,0.9950806330663632,0.1253660312984122,3.4858506646356777,0.115280421547165,0.5,3.750625,-0.6599999999999999,2.292208333333333,0.0063188383386555,0.1146403788546096,2.7369497591172163,7.972309948805828,4.4864592841701505,4.415693182041458,0.9298425174057807,7.972309948805828,3.5566167667643698,2.8999050069754775,0.1629552478582612,2.400992978643972,0.3359567804732442,2.8999050069754775,0.4989120283315055
SPY,2026-08-21,call,751.280029296875,782.0,2.605,0.1232876712328767,0.04,0.9950806330663632,0.1253660312984122,3.307391585885157,0.1150388163574718,0.5,3.750625,-0.6599999999999999,2.292208333333333,0.0063188383386555,0.1142034994007992,2.5506529338888693,7.773293822192555,4.465902236307398,4.217116271978226,0.9097246860930688,7.773293822192555,3.556177550214329,2.7008888803622044,0.15023594647333516,2.249459905271114,0.3011930286177553,2.7008888803622044,0.45142897509109103
SPY,2026-08-21,call,751.280029296875,783.0,2.43,0.1232876712328767,0.04,0.9950806330663632,0.1253660312984122,3.136399118513059,0.1146620193865913,0.5,3.750625,-0.6599999999999999,2.292208333333333,0.0063188383386555,0.1137974168471339,2.3756882106132373,7.574277695579283,4.437878577066225,4.015277195768515,0.8788780772554565,7.574277695579283,3.559000499810768,2.501872753748932,0.1261845431356945,2.094188714602912,0.2814994960103254,2.501872753748932,0.4076840391460199
SPY,2026-08-21,call,751.280029296875,784.0,2.295,0.1232876712328767,0.04,0.9950806330663632,0.1253660312984122,2.972661538891036,0.1147955659231487,0.5,3.750625,-0.6599999999999999,2.292208333333333,0.0063188383386555,0.1134221704400134,2.211601493960816,7.37526156896601,4.402600030074975,3.8108856462013714,0.8382241073103356,7.37526156896601,3.56437592276464,2.302856627135659,0.09125513317484346,1.9355618228738298,0.2760396710869859,2.302856627135659,0.36729480426182953
SPY,2026-08-21,call,751.280029296875,785.0,2.105,0.1232876712328767,0.04,0.9950806330663632,0.1253660312984122,2.815967458761283,0.1138848325901691,0.5,3.750625,-0.6599999999999999,2.292208333333333,0.0063188383386555,0.1130777115749281,2.0579272592746323,7.176245442352739,4.360277983591456,3.6047088577060853,0.7887413989448024,7.176245442352739,3.5715365846466525,2.1038405005223866,0.04591324124775431,1.7739275082937094,0.2839997509809229,2.1038405005223866,0.3299129922286769
SPY,2026-08-21,call,751.280029296875,786.0,1.96,0.1232876712328767,0.04,0.9950806330663632,0.1253660312984122,2.6661061717973924,0.1135802425861168,0.5,3.750625,-0.6599999999999999,2.292208333333333,0.0063188383386555,0.1127639053324489,1.9141922580456157,6.977229315739466,4.311123143942074,3.3975498440218432,0.7314436722244508,6.977229315739466,3.579679471717622,1.9048243739091137,0.009367884136501692,1.6095870121595062,0.30460524588610927,1.9048243739091137,0.29523736174960735
SPY,2026-08-21,call,751.280029296875,787.0,1.83,0.1232876712328767,0.04,0.9950806330663632,0.1253660312984122,2.522867986278981,0.113408525112909,0.5,3.750625,-0.6599999999999999,2.292208333333333,0.0063188383386555,0.1124805330805955,1.7799191483386974,6.778213189126193,4.255345202847212,3.190224896536206,0.667356910257225,6.778213189126193,3.587988292589987,1.7058082472958411,0.07411090104285623,1.4427856290508259,0.3371335192878715,1.7058082472958411,0.26302261824501516
SPY,2026-08-21,call,751.280029296875,788.0,1.6949999999999998,0.1232876712328767,0.04,0.9950806330663632,0.1253660312984122,2.3860445432740685,0.1130071179643625,0.5,3.750625,-0.6599999999999999,2.292208333333333,0.0063188383386555,0.1122272960570408,1.6546299820324162,6.579197062512921,4.193152519238852,2.9835412822912053,0.5974967390171368,6.579197062512921,3.5956557802217146,1.5067921206825685,0.14783786134984767,1.2737083985983877,0.3809215834340285,1.5067921206825685,0.2330837220841806
SPY,2026-08-21,call,751.280029296875,789.0,1.5750000000000002,0.1232876712328767,0.04,0.9950806330663632,0.1253660312984122,2.255429119813204,0.1127521246942513,0.5,3.750625,-0.6599999999999999,2.292208333333333,0.0063188383386555,0.1120038198203069,1.5378494890156436,6.380180935899647,4.124751816086443,2.778276033720989,0.5228469139077849,6.380180935899647,3.6019049021786578,1.3077759940692961,0.23007349494634743,1.1024805874953223,0.43536890152032126,1.3077759940692961,0.2052954065739736
SPY,2026-08-21,call,751.280029296875,790.0,1.465,0.1232876712328767,0.04,0.9950806330663632,0.1253660312984122,2.130816916615513,0.1125640000837956,0.5,3.750625,-0.6599999999999999,2.292208333333333,0.0063188383386555,0.1118096594404323,1.429108108487018,6.181164809286375,4.050347892670862,2.575156630795086,0.4443397141795731,6.181164809286375,3.606008178491289,1.1967791446223386,0.23232896386467927,1.0171919872270798,0.41191612125993804,1.1967791446223386,0.1795871573952585
SPY,2026-08-21,call,751.280029296875,791.0,1.365,0.1232876712328767,0.04,0.9950806330663632,0.1253660312984122,2.0120053300197567,0.1124572597278788,0.5,3.750625,-0.6599999999999999,2.292208333333333,0.0063188383386555,0.1116443052871082,1.3279447285654884,5.9821486826731025,3.970143352653346,2.3748442479762506,0.3628389179564939,5.9821486826731025,3.6073044346968515,1.0972710813157023,0.23067364724978612,0.9413367704740431,0.3866079580914453,1.0972710813157023,0.15593431084165923
SPY,2026-08-21,call,751.280029296875,792.0,1.28,0.1232876712328767,0.04,0.9950806330663632,0.1253660312984122,1.8987942078428253,0.1125619589926138,0.5,3.750625,-0.6599999999999999,2.292208333333333,0.0063188383386555,0.1115071892670735,1.233909106908642,5.7831325560598295,3.884338348217004,2.17792008283397,0.27912587499114494,5.7831325560598295,3.6052124732258592,0.9977630180090659,0.23614608889957622,0.8634167649397455,0.3704923419688966,0.9977630180090659,0.1343462530693203
SPY,2026-08-21,call,751.280029296875,793.0,1.17,0.1232876712328767,0.04,0.9950806330663632,0.1253660312984122,1.7909860889762534,0.1119609100110513,0.5,3.750625,-0.6599999999999999,2.292208333333333,0.0063188383386555,0.1113976913623742,1.1465639563505166,5.588293423293588,3.7973073343173347,1.989052104914915,0.19806601593866158,5.588293423293588,3.599241318378674,0.8982549547024294,0.2483090016480871,0.7834020426110648,0.3631619137394517,0.8982549547024294,0.11485291209136461
SPY,2026-08-21,call,751.280029296875,794.0,1.09,0.1232876712328767,0.04,0.9950806330663632,0.1253660312984122,1.6883864266024853,0.1119314791211222,0.5,3.750625,-0.6599999999999999,2.292208333333333,0.0063188383386555,0.1113151463262895,1.0654866901927402,5.488785359986951,3.800398933384466,1.8997884923909272,0.2114020657884419,5.488785359986951,3.5889968675960233,0.7987468913957932,0.266739798796947,0.7012560813232801,0.3642306088694601,0.7987468913957932,0.09749081007251323
SPY,2026-08-21,call,751.280029296875,795.0,1.015,0.1232876712328767,0.04,0.9950806330663632,0.1253660312984122,1.5908037949867275,0.1119098331265823,0.5,3.750625,-0.6599999999999999,2.292208333333333,0.0063188383386555,0.1112588504034652,0.9902708313010248,5.389277296680316,3.798473501693588,1.8150923428114645,0.22428854782473673,5.389277296680316,3.5741849538688513,0.6992388280891568,0.29103200321186795,0.6169489428259327,0.37332188847509207,0.6992388280891568,0.08228988526322416
SPY,2026-08-21,call,751.280029296875,796.0,0.94,0.1232876712328767,0.04,0.9950806330663632,0.1253660312984122,1.498050079869776,0.111765840854362,0.5,3.750625,-0.6599999999999999,2.292208333333333,0.0063188383386555,0.1112280679540592,0.920527097305446,5.289769233373679,3.7917191535039034,1.7351582519008002,0.2371081720310242,5.289769233373679,3.5546109814728792,0.5997307647825206,0.3207963325229255,0.5304686474299027,0.3900584498755434,0.5997307647825206,0.06926211735261792
SPY,2026-08-21,call,751.280029296875,797.0,0.88,0.1232876712328767,0.04,0.9950806330663632,0.1253660312984122,1.4099406525560707,0.1119192080648051,0.5,3.750625,-0.6599999999999999,2.292208333333333,0.0063188383386555,0.1112220378774349,0.8558841807909832,5.190261170067043,3.780320517510972,1.6600847379964638,0.2501440854403931,5.190261170067043,3.5301764320705784,0.5002227014758842,0.35566147931509895,0.441829974233388,0.4140542065575952,0.5002227014758842,0.058392727242496265
SPY,2026-08-21,call,751.280029296875,798.0,0.81,0.1232876712328767,0.04,0.9950806330663632,0.1253660312984122,1.326294527851581,0.1116660659990444,0.5,3.750625,-0.6599999999999999,2.292208333333333,0.0063188383386555,0.1112399797480952,0.7959892483709671,5.090753106760407,3.764458578908826,1.5898804616366689,0.2635859337850879,5.090753106760407,3.5008726451237377,0.400714638169248,0.39527461020171906,0.3510802277566353,0.4449090206143318,0.400714638169248,0.04963441041261278
SPY,2026-08-21,call,751.280029296875,799.0,0.75,0.1232876712328767,0.04,0.9950806330663632,0.1253660312984122,1.2469345060659427,0.1115844585762155,0.5,3.750625,-0.6599999999999999,2.292208333333333,0.0063188383386555,0.1112810995941882,0.7405081859833738,4.9912450434537705,3.744310537387828,1.5244726910109254,0.2775381849449827,4.9912450434537705,3.4667723524428444,0.30120657486261165,0.4393016111207621,0.25830183263225426,0.4822063533511195,0.30120657486261165,0.04290474223035741
SPY,2026-08-21,call,751.280029296875,800.0,0.695,0.1232876712328767,0.04,0.9950806330663632,0.1253660312984122,1.17168729934956,0.1115419582564226,0.5,3.750625,-0.6599999999999999,2.292208333333333,0.0063188383386555,0.1113445952662267,0.6891256197765915,4.891736980147134,3.7200496807975743,1.4637174892485616,0.29203018989900165,4.891736980147134,3.428019490898572,0.20169851155597535,0.48742710822061613,0.16361191156029437,0.5255137082162971,0.20169851155597535,0.03808659999568094
SPY,2026-08-21,call,751.280029296875,805.0,0.485,0.1232876712328767,0.04,0.9950806330663632,0.1253660312984122,0.851364988202975,0.1120158327707738,0.5,3.750625,-0.6599999999999999,2.292208333333333,0.0063188383386555,0.1119696442182411,0.4839293180228153,4.394196663613952,3.5428316754109774,1.221178764750157,0.36981377654718206,4.394196663613952,3.1730178988637956,0.0,0.48392931802281536,-0.03667430908950013,0.5206036271123154,0.0,0.03667430908950013
SPY,2026-08-21,call,751.280029296875,810.0,0.345,0.1232876712328767,0.04,0.9950806330663632,0.1253660312984122,0.6102724525809228,0.1130926105343178,0.5,3.750625,-0.6599999999999999,2.292208333333333,0.0063188383386555,0.1130363578393174,0.3439857885642011,3.8966563470807705,3.286383894499848,1.052710908870623,0.44243845628970024,3.8966563470807705,2.843945438210148,0.0,0.3439857885642011,-0.0546007080165104,0.3985864965807115,0.0,0.0546007080165104
SPY,2026-08-21,call,751.280029296875,815.0,0.25,0.1232876712328767,0.04,0.9950806330663632,0.1253660312984122,0.4315590281437224,0.1146055550570927,0.5,3.750625,-0.6599999999999999,2.292208333333333,0.0063188383386555,0.1144564816957069,0.247905298111809,3.3991160305475896,2.967557002403867,0.9248052904924642,0.4932462623487418,3.3991160305475896,2.474310740055125,0.0,0.24790529811180903,-0.07128233698256792,0.319187635094377,0.0,0.07128233698256792
SPY,2026-08-21,call,751.280029296875,820.0,0.19,0.1232876712328767,0.04,0.9950806330663632,0.1253660312984122,0.3010774690996381,0.1169429417597908,0.5,3.750625,-0.6599999999999999,2.292208333333333,0.0063188383386555,0.1161551582458716,0.1812494444259241,2.9015757140144074,2.6004982449147693,0.8196993699853001,0.5186219008856621,2.9015757140144074,2.0818763440291077,0.0,0.18124944442592417,-0.07788316192451324,0.2591326063504374,0.0,0.07788316192451324
SPY,2026-08-21,call,751.280029296875,825.0,0.145,0.1232876712328767,0.04,0.9950806330663632,0.1253660312984122,0.2072329263470685,0.1192731577261424,0.5,3.750625,-0.6599999999999999,2.292208333333333,0.0063188383386555,0.1180712691960472,0.1344235896788073,2.404035397481226,2.1968024711341574,0.7301131008915251,0.5228801745444567,2.404035397481226,1.6739222965897007,0.0,0.13442358967880735,-0.07473287428855901,0.20915646396736637,0.0,0.07473287428855901
SPY,2026-08-21,call,751.280029296875,830.0,0.1149999999999999,0.1232876712328767,0.04,0.9950806330663632,0.1253660312984122,0.1407373595146987,0.122122809571191,0.5,3.750625,-0.6599999999999999,2.292208333333333,0.0063188383386555,0.1201559933571536,0.1010805055224907,1.9064950809480443,1.7657577214333455,0.6438861094699007,0.5031487499552019,1.9064950809480443,1.2626089714781437,0.0,0.10108050552249079,-0.06566105271322872,0.1667415582357195,0.0,0.06566105271322872
SPY,2026-08-21,call,751.280029296875,835.0,0.095,0.1232876712328767,0.04,0.9950806330663632,0.1253660312984122,0.0943113391732894,0.1254769448168019,0.5,3.750625,-0.6599999999999999,2.292208333333333,0.0063188383386555,0.1223707749217593,0.0770091847582412,1.4089547644148628,1.3146434252415733,0.534138156807664,0.4398268176343745,1.4089547644148628,0.8748166076071986,0.0,0.07700918475824128,-0.05439284566436996,0.13140203042261123,0.0,0.05439284566436996
SPY,2026-08-21,call,751.280029296875,840.0,0.075,0.1232876712328767,0.04,0.9950806330663632,0.1253660312984122,0.0623679361889754,0.1280227385763122,0.5,3.750625,-0.6599999999999999,2.292208333333333,0.0063188383386555,0.1246853091431044,0.0593948269238661,0.9114144478816811,0.8490465116927057,0.36562127931330374,0.3032533431243283,0.9114144478816811,0.5457931685683775,0.0,0.05939482692386613,-0.04335059959713476,0.10274542652100088,0.0,0.04335059959713476
SPY,2026-08-21,call,751.280029296875,845.0,0.065,0.1232876712328767,0.04,0.9950806330663632,0.1253660312984122,0.0407047917146386,0.1318335996175694,0.5,3.750625,-0.6599999999999999,2.292208333333333,0.0063188383386555,0.1270757902745193,0.0463365063697637,0.4138741313484996,0.3731693396338609,0.11246479948734589,0.07176000777270722,0.4138741313484996,0.3014093318611537,0.0,0.04633650636976376,-0.03371283573600596,0.08004934210576972,0.0,0.03371283573600596
SPY,2026-08-21,call,751.280029296875,850.0,0.055,0.1232876712328767,0.04,0.9950806330663632,0.1253660312984122,0.0262219050375882,0.1351650351370467,0.5,3.750625,-0.6599999999999999,2.292208333333333,0.0063188383386555,0.1295234813019617,0.0365352845268989,0.0,0.02622190503758828,-0.1451073444558236,0.17132924949341188,0.0,0.1451073444558236,0.0,0.03653528452689892,-0.025837416797447176,0.062372701324346094,0.0,0.025837416797447176
SPY,2026-08-21,call,751.280029296875,855.0,0.045,0.1232876712328767,0.04,0.9950806330663632,0.1253660312984122,0.0166751160490767,0.1378993798349262,0.5,3.750625,-0.6599999999999999,2.292208333333333,0.0063188383386555,0.1320135845466434,0.029092467501074,0.0,0.016675116049076778,-0.05984033006475895,0.07651544611383573,0.0,0.05984033006475895,0.0,0.02909246750107404,-0.01965104207769825,0.04874350957877229,0.0,0.01965104207769825
SPY,2026-08-21,call,751.280029296875,860.0,0.035,0.1232876712328767,0.04,0.9950806330663632,0.1253660312984122,0.01046920852429,0.139837080096155,0.5,3.750625,-0.6599999999999999,2.292208333333333,0.0063188383386555,0.1345343651261283,0.0233784029131974,0.0,0.010469208524290029,-0.02044998377426417,0.0309191922985542,0.0,0.02044998377426417,0.0,0.023378402913197406,-0.014904768921816197,0.038283171835013605,0.0,0.014904768921816197
SPY,2026-08-21,call,751.280029296875,870.0,0.035,0.1232876712328767,0.04,0.9950806330663632,0.1253660312984122,0.0039733366246067,0.1504966772192392,0.5,3.750625,-0.6599999999999999,2.292208333333333,0.0063188383386555,0.1396324404393713,0.0154758480981513,0.0,0.003973336624606789,-0.0004574056205143638,0.004430742245121153,0.0,0.0004574056205143638,0.0,0.01547584809815135,-0.008610795546125073,0.024086643644276422,0.0,0.008610795546125073
SPY,2026-08-21,call,751.280029296875,880.0,0.025,0.1232876712328767,0.04,0.9950806330663632,0.1253660312984122,0.001435059378532,0.1559519648647966,0.5,3.750625,-0.6599999999999999,2.292208333333333,0.0063188383386555,0.1447630705491027,0.0105490412773583,0.0,0.0014350593785320991,0.0005914209407797503,0.0008436384377523489,0.0,-0.0005914209407797503,0.0,0.010549041277358341,-0.005063173091185593,0.015612214368543934,0.0,0.005063173091185593
SPY,2026-08-21,call,751.280029296875,890.0,0.025,0.1232876712328767,0.04,0.9950806330663632,0.1253660312984122,0.0004938143198252,0.165962827468867,0.5,3.750625,-0.6599999999999999,2.292208333333333,0.0063188383386555,0.1498908082453308,0.0073759243996217,0.0,0.0004938143198252886,0.0002551970667260723,0.00023861725309921633,0.0,-0.0002551970667260723,0.0,0.007375924399621719,-0.003051903165548666,0.010427827565170385,0.0,0.003051903165548666
